Name,Price,Description,Product_URL,Image_Folder,Image_URLs
Kidrich-D3 Vitamin D3 (Cholecalciferol) 800 IU/ml Nano Drop | For Kids' Bone Health,₹,"Order Kidrich-D3 Vitamin D3 (Cholecalciferol) 800 IU/ml Nano Drop | For Kids' Bone Health:bottle of 15.0 ml Oral Drops online at best price in India. Know Kidrich-D3 Vitamin D3 (Cholecalciferol) 800 IU/ml Nano Drop | For Kids' Bone Health price, specifications, benefits and other information only on 1mg.com",https://www.1mg.com/otc/kidrich-d3-vitamin-d3-cholecalciferol-800-iu-ml-nano-drop-for-kids-bone-health-otc194428,c:\Users\hp\.gemini\antigravity\scratch\1mg-scraper\images\Kidrich-D3 Vitamin D3 (Cholecalciferol) 800 IU_ml,"https://onemg.gumlet.io/l_watermark_346,w_120,h_120/a_ignore,w_120,h_120,c_fit,q_auto,f_auto/cropped/oiiwy8d6u45xvig9pemd.jpg, https://onemg.gumlet.io/l_watermark_346,w_120,h_120/a_ignore,w_120,h_120,c_fit,q_auto,f_auto/cropped/zc3ipaqwq6yv4ignxgra.jpg, https://onemg.gumlet.io/l_watermark_346,w_120,h_120/a_ignore,w_120,h_120,c_fit,q_auto,f_auto/f3039ipsexma12lnm7u8.jpg, https://onemg.gumlet.io/l_watermark_346,w_690,h_700/a_ignore,w_690,h_700,c_pad,q_auto,f_auto/cropped/oiiwy8d6u45xvig9pemd.jpg, https://onemg.gumlet.io/jj74lyp3teqhlxoo1qkz.svg, https://onemg.gumlet.io/7f9f62d7-6d84-4c08-937e-3f5318ee3c11_1750934120.png?w=532&h=122&format=auto, https://onemg.gumlet.io/vibatg4xwiuep6bhonzs.svg, https://onemg.gumlet.io/t2plj2wvywoglfwll4cm_y7momq.svg, https://onemg.gumlet.io/a_ignore,w_24,h_24,c_fit,q_auto,f_auto/wzmehfprlv7nok1vphbq.png, https://onemg.gumlet.io/a_ignore,w_24,h_24,c_fit,q_auto,f_auto/ik3qbop3ftjmwm5knywz.png, https://onemg.gumlet.io/a_ignore,w_24,h_24,c_fit,q_auto,f_auto/lxob0wod0ovabskj8zgz.png, https://onemg.gumlet.io/marketing/bb1a83f8-4cfb-4d35-9525-01cd0cabc412.png, https://onemg.gumlet.io/marketing/a9b2dbf2-58e7-437b-89af-aa42ed05dd3f.png, https://onemg.gumlet.io/marketing/575dffa6-10f5-4cf2-8ee4-5eebc2162faa.png, https://onemg.gumlet.io/marketing/dcb14f28-9549-43b2-8cd6-bb6b90ffde6a.png, https://onemg.gumlet.io/283bda00-1539-4fea-8842-37751dde3885_1752665656.jpg?w=502&h=628&format=auto, https://onemg.gumlet.io/vqpr5zx9ofpsyafjwwin.svg, https://onemg.gumlet.io/wwynoy59i3iakt8te5xl.svg, https://onemg.gumlet.io/cwrpdmlzckwzvv9e1gjv.svg, https://onemg.gumlet.io/tywtfwyzxb8ujnqmbuau.svg, https://onemg.gumlet.io/hqfglkzkfxaxaypniixn.svg, https://onemg.gumlet.io/ny7nk9wxxlcxpeh1jbgg.svg, https://onemg.gumlet.io/marketing/6284f3d0-a998-4e94-8cea-91f0961895fc.png, https://onemg.gumlet.io/marketing/45552652-1551-4004-984b-89af60d89e50.png, https://onemg.gumlet.io/marketing/81385fef-60c9-460b-9e3e-7ee30d0b91e6.png, https://onemg.gumlet.io/marketing/485586d3-dbe2-431c-be78-19de749e6716.png, https://onemg.gumlet.io/marketing/1ca7a79d-fac8-449f-b437-1b164183c74a.png, https://onemg.gumlet.io/marketing/82ecbac1-7229-49ed-986b-ec304b319467.png, https://onemg.gumlet.io/marketing/37d1e22f-58b5-4a12-b238-d2c78cd34cfe.png, https://onemg.gumlet.io/marketing/194521ba-479d-41bf-a60e-cb68a8cfa6e8.png"
Calshine P Calcium Oral Drops,₹,"Order Calshine P Calcium Oral Drops:bottle of 30.0 ml Oral Drops online at best price in India. Know Calshine P Calcium Oral Drops price, specifications, benefits and other information only on 1mg.com",https://www.1mg.com/otc/calshine-p-calcium-oral-drops-otc153221,c:\Users\hp\.gemini\antigravity\scratch\1mg-scraper\images\Calshine P Calcium Oral Drops,"https://onemg.gumlet.io/l_watermark_346,w_120,h_120/a_ignore,w_120,h_120,c_fit,q_auto,f_auto/5b75ff0e42d44ab3b68589c462edd567.jpg, https://onemg.gumlet.io/l_watermark_346,w_120,h_120/a_ignore,w_120,h_120,c_fit,q_auto,f_auto/8f25d0750c9a45a9884a3f3aec108148.jpg, https://onemg.gumlet.io/l_watermark_346,w_120,h_120/a_ignore,w_120,h_120,c_fit,q_auto,f_auto/e179bca548b24499b7882d5bf7a30e47.jpg, https://onemg.gumlet.io/l_watermark_346,w_690,h_700/a_ignore,w_690,h_700,c_pad,q_auto,f_auto/5b75ff0e42d44ab3b68589c462edd567.jpg, https://onemg.gumlet.io/jj74lyp3teqhlxoo1qkz.svg, https://onemg.gumlet.io/7f9f62d7-6d84-4c08-937e-3f5318ee3c11_1750934120.png?w=532&h=122&format=auto, https://onemg.gumlet.io/vibatg4xwiuep6bhonzs.svg, https://onemg.gumlet.io/t2plj2wvywoglfwll4cm_y7momq.svg, https://onemg.gumlet.io/a_ignore,w_24,h_24,c_fit,q_auto,f_auto/wzmehfprlv7nok1vphbq.png, https://onemg.gumlet.io/a_ignore,w_24,h_24,c_fit,q_auto,f_auto/ik3qbop3ftjmwm5knywz.png, https://onemg.gumlet.io/a_ignore,w_24,h_24,c_fit,q_auto,f_auto/lxob0wod0ovabskj8zgz.png, https://onemg.gumlet.io/marketing/bb1a83f8-4cfb-4d35-9525-01cd0cabc412.png, https://onemg.gumlet.io/marketing/a9b2dbf2-58e7-437b-89af-aa42ed05dd3f.png, https://onemg.gumlet.io/marketing/575dffa6-10f5-4cf2-8ee4-5eebc2162faa.png, https://onemg.gumlet.io/marketing/dcb14f28-9549-43b2-8cd6-bb6b90ffde6a.png, https://onemg.gumlet.io/283bda00-1539-4fea-8842-37751dde3885_1752665656.jpg?w=502&h=628&format=auto, https://onemg.gumlet.io/vqpr5zx9ofpsyafjwwin.svg, https://onemg.gumlet.io/wwynoy59i3iakt8te5xl.svg, https://onemg.gumlet.io/cwrpdmlzckwzvv9e1gjv.svg, https://onemg.gumlet.io/tywtfwyzxb8ujnqmbuau.svg, https://onemg.gumlet.io/hqfglkzkfxaxaypniixn.svg, https://onemg.gumlet.io/ny7nk9wxxlcxpeh1jbgg.svg, https://onemg.gumlet.io/marketing/6284f3d0-a998-4e94-8cea-91f0961895fc.png, https://onemg.gumlet.io/marketing/45552652-1551-4004-984b-89af60d89e50.png, https://onemg.gumlet.io/marketing/81385fef-60c9-460b-9e3e-7ee30d0b91e6.png, https://onemg.gumlet.io/marketing/485586d3-dbe2-431c-be78-19de749e6716.png, https://onemg.gumlet.io/marketing/1ca7a79d-fac8-449f-b437-1b164183c74a.png, https://onemg.gumlet.io/marketing/82ecbac1-7229-49ed-986b-ec304b319467.png, https://onemg.gumlet.io/marketing/37d1e22f-58b5-4a12-b238-d2c78cd34cfe.png, https://onemg.gumlet.io/marketing/194521ba-479d-41bf-a60e-cb68a8cfa6e8.png"
The Old Natural Vitamin-D3 60000 IU | Nano Shots for Healthy Bones (5ml Each) Sugar Free,₹240,"Order The Old Natural Vitamin-D3 60000 IU | Nano Shots for Healthy Bones (5ml Each) Sugar Free:combo pack of 8.0 bottles online at best price in India. Know The Old Natural Vitamin-D3 60000 IU | Nano Shots for Healthy Bones (5ml Each) Sugar Free price, specifications, benefits and other information only on 1mg.com",https://www.1mg.com/otc/the-old-natural-vitamin-d3-60000-iu-nano-shots-for-healthy-bones-5ml-each-sugar-free-otc944700,c:\Users\hp\.gemini\antigravity\scratch\1mg-scraper\images\The Old Natural Vitamin-D3 60000 IU _ Nano Shots f,"https://onemg.gumlet.io/l_watermark_346,w_120,h_120/a_ignore,w_120,h_120,c_fit,q_auto,f_auto/d6220cf53ecd441c93a7b4699267594d.jpg, https://onemg.gumlet.io/l_watermark_346,w_120,h_120/a_ignore,w_120,h_120,c_fit,q_auto,f_auto/5f4ad1435f96424bbbb12aab72681d11.jpg, https://onemg.gumlet.io/l_watermark_346,w_120,h_120/a_ignore,w_120,h_120,c_fit,q_auto,f_auto/034fcc98bfc247f2b43d10be71b55b07.jpg, https://onemg.gumlet.io/l_watermark_346,w_120,h_120/a_ignore,w_120,h_120,c_fit,q_auto,f_auto/d7b7680acb5c403689dad9429084af59.jpg, https://onemg.gumlet.io/l_watermark_346,w_120,h_120/a_ignore,w_120,h_120,c_fit,q_auto,f_auto/cffcec43d71448e981a05a9df0d9a138.jpg, https://onemg.gumlet.io/l_watermark_346,w_120,h_120/a_ignore,w_120,h_120,c_fit,q_auto,f_auto/0b5870e7bf1944f292db3764e9a7a0aa.jpg, https://onemg.gumlet.io/l_watermark_346,w_120,h_120/a_ignore,w_120,h_120,c_fit,q_auto,f_auto/b42f73f7b5bc4a899e13f522481bfd49.jpg, https://onemg.gumlet.io/l_watermark_346,w_690,h_700/a_ignore,w_690,h_700,c_pad,q_auto,f_auto/d6220cf53ecd441c93a7b4699267594d.jpg, https://onemg.gumlet.io/v1613645053/marketing/phb2bz61etrdmuurfdoq.png, https://onemg.gumlet.io/7f9f62d7-6d84-4c08-937e-3f5318ee3c11_1750934120.png?w=532&h=122&format=auto, https://onemg.gumlet.io/vibatg4xwiuep6bhonzs.svg, https://onemg.gumlet.io/t2plj2wvywoglfwll4cm_y7momq.svg, https://onemg.gumlet.io/a_ignore,w_24,h_24,c_fit,q_auto,f_auto/wzmehfprlv7nok1vphbq.png, https://onemg.gumlet.io/a_ignore,w_24,h_24,c_fit,q_auto,f_auto/ik3qbop3ftjmwm5knywz.png, https://onemg.gumlet.io/a_ignore,w_24,h_24,c_fit,q_auto,f_auto/lxob0wod0ovabskj8zgz.png, https://onemg.gumlet.io/marketing/bb1a83f8-4cfb-4d35-9525-01cd0cabc412.png, https://onemg.gumlet.io/marketing/a9b2dbf2-58e7-437b-89af-aa42ed05dd3f.png, https://onemg.gumlet.io/marketing/575dffa6-10f5-4cf2-8ee4-5eebc2162faa.png, https://onemg.gumlet.io/marketing/dcb14f28-9549-43b2-8cd6-bb6b90ffde6a.png, https://onemg.gumlet.io/283bda00-1539-4fea-8842-37751dde3885_1752665656.jpg?w=502&h=628&format=auto, https://onemg.gumlet.io/vqpr5zx9ofpsyafjwwin.svg, https://onemg.gumlet.io/wwynoy59i3iakt8te5xl.svg, https://onemg.gumlet.io/cwrpdmlzckwzvv9e1gjv.svg, https://onemg.gumlet.io/tywtfwyzxb8ujnqmbuau.svg, https://onemg.gumlet.io/hqfglkzkfxaxaypniixn.svg, https://onemg.gumlet.io/ny7nk9wxxlcxpeh1jbgg.svg, https://onemg.gumlet.io/marketing/6284f3d0-a998-4e94-8cea-91f0961895fc.png, https://onemg.gumlet.io/marketing/45552652-1551-4004-984b-89af60d89e50.png, https://onemg.gumlet.io/marketing/81385fef-60c9-460b-9e3e-7ee30d0b91e6.png, https://onemg.gumlet.io/marketing/485586d3-dbe2-431c-be78-19de749e6716.png, https://onemg.gumlet.io/marketing/1ca7a79d-fac8-449f-b437-1b164183c74a.png, https://onemg.gumlet.io/marketing/82ecbac1-7229-49ed-986b-ec304b319467.png, https://onemg.gumlet.io/marketing/37d1e22f-58b5-4a12-b238-d2c78cd34cfe.png, https://onemg.gumlet.io/marketing/194521ba-479d-41bf-a60e-cb68a8cfa6e8.png"
"Depura 60000 IU Vitamin D3 Oral Solution | Sugar Free | For Nutritional Support | Bone, Joint & Muscle Care",₹,"Order Depura 60000 IU Vitamin D3 Oral Solution | Sugar Free | For Nutritional Support | Bone, Joint & Muscle Care:bottle of 5.0 ml Oral Solution online at best price in India. Know Depura 60000 IU Vitamin D3 Oral Solution | Sugar Free | For Nutritional Support | Bone, Joint & Muscle Care price, specifications, benefits and other information only on 1mg.com",https://www.1mg.com/otc/depura-60000-iu-vitamin-d3-oral-solution-sugar-free-for-nutritional-support-bone-joint-muscle-care-otc505986,c:\Users\hp\.gemini\antigravity\scratch\1mg-scraper\images\Depura 60000 IU Vitamin D3 Oral Solution _ Sugar F,"https://onemg.gumlet.io/l_watermark_346,w_120,h_120/a_ignore,w_120,h_120,c_fit,q_auto,f_auto/8c75885d6325413ab8c6ca518c0c8eeb.jpg, https://onemg.gumlet.io/l_watermark_346,w_120,h_120/a_ignore,w_120,h_120,c_fit,q_auto,f_auto/b0b05e4b414d4786ac80c045d2a11ce1.jpg, https://onemg.gumlet.io/l_watermark_346,w_120,h_120/a_ignore,w_120,h_120,c_fit,q_auto,f_auto/pharmacy-production-rxs%2F1758884493_crop_918.png, https://onemg.gumlet.io/l_watermark_346,w_120,h_120/a_ignore,w_120,h_120,c_fit,q_auto,f_auto/df7e937ba35449e6ae797ce053de1e70.jpg, https://onemg.gumlet.io/l_watermark_346,w_120,h_120/a_ignore,w_120,h_120,c_fit,q_auto,f_auto/3654fcdf1f18495e9cfd85a21f67f3cd.jpg, https://onemg.gumlet.io/l_watermark_346,w_120,h_120/a_ignore,w_120,h_120,c_fit,q_auto,f_auto/0e7c32a4925548358b382c35f7fe1300.jpg, https://onemg.gumlet.io/l_watermark_346,w_120,h_120/a_ignore,w_120,h_120,c_fit,q_auto,f_auto/5c0a0b831f1645dba480a436b9ebed31.jpg, https://onemg.gumlet.io/l_watermark_346,w_690,h_700/a_ignore,w_690,h_700,c_pad,q_auto,f_auto/8c75885d6325413ab8c6ca518c0c8eeb.jpg, https://onemg.gumlet.io/jj74lyp3teqhlxoo1qkz.svg, https://onemg.gumlet.io/7f9f62d7-6d84-4c08-937e-3f5318ee3c11_1750934120.png?w=532&h=122&format=auto, https://onemg.gumlet.io/vibatg4xwiuep6bhonzs.svg, https://onemg.gumlet.io/t2plj2wvywoglfwll4cm_y7momq.svg, https://onemg.gumlet.io/a_ignore,w_24,h_24,c_fit,q_auto,f_auto/wzmehfprlv7nok1vphbq.png, https://onemg.gumlet.io/a_ignore,w_24,h_24,c_fit,q_auto,f_auto/ik3qbop3ftjmwm5knywz.png, https://onemg.gumlet.io/a_ignore,w_24,h_24,c_fit,q_auto,f_auto/lxob0wod0ovabskj8zgz.png, https://onemg.gumlet.io/marketing/bb1a83f8-4cfb-4d35-9525-01cd0cabc412.png, https://onemg.gumlet.io/marketing/a9b2dbf2-58e7-437b-89af-aa42ed05dd3f.png, https://onemg.gumlet.io/marketing/575dffa6-10f5-4cf2-8ee4-5eebc2162faa.png, https://onemg.gumlet.io/marketing/dcb14f28-9549-43b2-8cd6-bb6b90ffde6a.png, https://onemg.gumlet.io/283bda00-1539-4fea-8842-37751dde3885_1752665656.jpg?w=502&h=628&format=auto, https://onemg.gumlet.io/vqpr5zx9ofpsyafjwwin.svg, https://onemg.gumlet.io/wwynoy59i3iakt8te5xl.svg, https://onemg.gumlet.io/cwrpdmlzckwzvv9e1gjv.svg, https://onemg.gumlet.io/tywtfwyzxb8ujnqmbuau.svg, https://onemg.gumlet.io/hqfglkzkfxaxaypniixn.svg, https://onemg.gumlet.io/ny7nk9wxxlcxpeh1jbgg.svg, https://onemg.gumlet.io/marketing/6284f3d0-a998-4e94-8cea-91f0961895fc.png, https://onemg.gumlet.io/marketing/45552652-1551-4004-984b-89af60d89e50.png, https://onemg.gumlet.io/marketing/81385fef-60c9-460b-9e3e-7ee30d0b91e6.png, https://onemg.gumlet.io/marketing/485586d3-dbe2-431c-be78-19de749e6716.png, https://onemg.gumlet.io/marketing/1ca7a79d-fac8-449f-b437-1b164183c74a.png, https://onemg.gumlet.io/marketing/82ecbac1-7229-49ed-986b-ec304b319467.png, https://onemg.gumlet.io/marketing/37d1e22f-58b5-4a12-b238-d2c78cd34cfe.png, https://onemg.gumlet.io/marketing/194521ba-479d-41bf-a60e-cb68a8cfa6e8.png"
Bakson's Vitamin D Plus Tablet,₹,"Order Bakson's Vitamin D Plus Tablet:bottle of 30.0 tablets online at best price in India. Know Bakson's Vitamin D Plus Tablet price, specifications, benefits and other information only on 1mg.com",https://www.1mg.com/otc/bakson-s-vitamin-d-plus-tablet-otc513616,c:\Users\hp\.gemini\antigravity\scratch\1mg-scraper\images\Bakson's Vitamin D Plus Tablet,"https://onemg.gumlet.io/l_watermark_346,w_120,h_120/a_ignore,w_120,h_120,c_fit,q_auto,f_auto/083b0f40badd4b5eac8daee1cc074689.jpg, https://onemg.gumlet.io/l_watermark_346,w_120,h_120/a_ignore,w_120,h_120,c_fit,q_auto,f_auto/2e60a2e690644f168a7328862dbf01cd.jpg, https://onemg.gumlet.io/l_watermark_346,w_120,h_120/a_ignore,w_120,h_120,c_fit,q_auto,f_auto/4af566ff62e543778d896745812bff56.jpg, https://onemg.gumlet.io/l_watermark_346,w_120,h_120/a_ignore,w_120,h_120,c_fit,q_auto,f_auto/2946630b98d4457a9c3b493561d15bbe.jpg, https://onemg.gumlet.io/l_watermark_346,w_120,h_120/a_ignore,w_120,h_120,c_fit,q_auto,f_auto/bc5e1afef0e9426bb727b3612c292ac7.jpg, https://onemg.gumlet.io/l_watermark_346,w_690,h_700/a_ignore,w_690,h_700,c_pad,q_auto,f_auto/083b0f40badd4b5eac8daee1cc074689.jpg, https://onemg.gumlet.io/jj74lyp3teqhlxoo1qkz.svg, https://onemg.gumlet.io/7f9f62d7-6d84-4c08-937e-3f5318ee3c11_1750934120.png?w=532&h=122&format=auto, https://onemg.gumlet.io/vibatg4xwiuep6bhonzs.svg, https://onemg.gumlet.io/t2plj2wvywoglfwll4cm_y7momq.svg, https://onemg.gumlet.io/a_ignore,w_24,h_24,c_fit,q_auto,f_auto/wzmehfprlv7nok1vphbq.png, https://onemg.gumlet.io/a_ignore,w_24,h_24,c_fit,q_auto,f_auto/ik3qbop3ftjmwm5knywz.png, https://onemg.gumlet.io/a_ignore,w_24,h_24,c_fit,q_auto,f_auto/lxob0wod0ovabskj8zgz.png, https://onemg.gumlet.io/marketing/bb1a83f8-4cfb-4d35-9525-01cd0cabc412.png, https://onemg.gumlet.io/marketing/a9b2dbf2-58e7-437b-89af-aa42ed05dd3f.png, https://onemg.gumlet.io/marketing/575dffa6-10f5-4cf2-8ee4-5eebc2162faa.png, https://onemg.gumlet.io/marketing/dcb14f28-9549-43b2-8cd6-bb6b90ffde6a.png, https://onemg.gumlet.io/283bda00-1539-4fea-8842-37751dde3885_1752665656.jpg?w=502&h=628&format=auto, https://onemg.gumlet.io/vqpr5zx9ofpsyafjwwin.svg, https://onemg.gumlet.io/wwynoy59i3iakt8te5xl.svg, https://onemg.gumlet.io/cwrpdmlzckwzvv9e1gjv.svg, https://onemg.gumlet.io/tywtfwyzxb8ujnqmbuau.svg, https://onemg.gumlet.io/hqfglkzkfxaxaypniixn.svg, https://onemg.gumlet.io/ny7nk9wxxlcxpeh1jbgg.svg, https://onemg.gumlet.io/marketing/6284f3d0-a998-4e94-8cea-91f0961895fc.png, https://onemg.gumlet.io/marketing/45552652-1551-4004-984b-89af60d89e50.png, https://onemg.gumlet.io/marketing/81385fef-60c9-460b-9e3e-7ee30d0b91e6.png, https://onemg.gumlet.io/marketing/485586d3-dbe2-431c-be78-19de749e6716.png, https://onemg.gumlet.io/marketing/1ca7a79d-fac8-449f-b437-1b164183c74a.png, https://onemg.gumlet.io/marketing/82ecbac1-7229-49ed-986b-ec304b319467.png, https://onemg.gumlet.io/marketing/37d1e22f-58b5-4a12-b238-d2c78cd34cfe.png, https://onemg.gumlet.io/marketing/194521ba-479d-41bf-a60e-cb68a8cfa6e8.png"
"Inlife Plant Based Vitamin D3 600I.U. + K2 for Bones, Teeth & Immunity | Liquid Filled Capsule",₹,"Order Inlife Plant Based Vitamin D3 600I.U. + K2 for Bones, Teeth & Immunity | Liquid Filled Capsule:bottle of 60.0 capsules online at best price in India. Know Inlife Plant Based Vitamin D3 600I.U. + K2 for Bones, Teeth & Immunity | Liquid Filled Capsule price, specifications, benefits and other information only on 1mg.com",https://www.1mg.com/otc/inlife-plant-based-vitamin-d3-600i.u.-k2-for-bones-teeth-immunity-liquid-filled-capsule-otc714233,c:\Users\hp\.gemini\antigravity\scratch\1mg-scraper\images\Inlife Plant Based Vitamin D3 600I.U. + K2 for Bon,"https://onemg.gumlet.io/l_watermark_346,w_120,h_120/a_ignore,w_120,h_120,c_fit,q_auto,f_auto/e2c99dfd9a7b467681838ed1789fff64.jpg, https://onemg.gumlet.io/l_watermark_346,w_120,h_120/a_ignore,w_120,h_120,c_fit,q_auto,f_auto/e0aac7914bf246298b5d9b31080a4c7b.jpg, https://onemg.gumlet.io/l_watermark_346,w_120,h_120/a_ignore,w_120,h_120,c_fit,q_auto,f_auto/251112adbd0946fc89941bafa06c0d79.jpg, https://onemg.gumlet.io/l_watermark_346,w_120,h_120/a_ignore,w_120,h_120,c_fit,q_auto,f_auto/3bf2a6d3b2bc4b0fb362539fcede94fe.jpg, https://onemg.gumlet.io/l_watermark_346,w_120,h_120/a_ignore,w_120,h_120,c_fit,q_auto,f_auto/8a48d6b788a0440e8e58a0fec19f8216.jpg, https://onemg.gumlet.io/l_watermark_346,w_120,h_120/a_ignore,w_120,h_120,c_fit,q_auto,f_auto/7d3f687ea139453e8ef16a6e57fd5d4e.jpg, https://onemg.gumlet.io/l_watermark_346,w_120,h_120/a_ignore,w_120,h_120,c_fit,q_auto,f_auto/503b4d177f8f45dfab06d1457c782517.jpg, https://onemg.gumlet.io/l_watermark_346,w_120,h_120/a_ignore,w_120,h_120,c_fit,q_auto,f_auto/c1a436f97415417eb0a05b422e35c65a.jpg, https://onemg.gumlet.io/l_watermark_346,w_120,h_120/a_ignore,w_120,h_120,c_fit,q_auto,f_auto/df49021b171a42b6baffed6230ab60ff.jpg, https://onemg.gumlet.io/l_watermark_346,w_120,h_120/a_ignore,w_120,h_120,c_fit,q_auto,f_auto/33c034baf2e84341889f3cf685c63c25.jpg, https://onemg.gumlet.io/l_watermark_346,w_690,h_700/a_ignore,w_690,h_700,c_pad,q_auto,f_auto/e2c99dfd9a7b467681838ed1789fff64.jpg, https://onemg.gumlet.io/v1613645053/marketing/phb2bz61etrdmuurfdoq.png, https://onemg.gumlet.io/jj74lyp3teqhlxoo1qkz.svg, https://onemg.gumlet.io/7f9f62d7-6d84-4c08-937e-3f5318ee3c11_1750934120.png?w=532&h=122&format=auto, https://onemg.gumlet.io/vibatg4xwiuep6bhonzs.svg, https://onemg.gumlet.io/t2plj2wvywoglfwll4cm_y7momq.svg, https://onemg.gumlet.io/a_ignore,w_24,h_24,c_fit,q_auto,f_auto/wzmehfprlv7nok1vphbq.png, https://onemg.gumlet.io/a_ignore,w_24,h_24,c_fit,q_auto,f_auto/ik3qbop3ftjmwm5knywz.png, https://onemg.gumlet.io/a_ignore,w_24,h_24,c_fit,q_auto,f_auto/lxob0wod0ovabskj8zgz.png, https://onemg.gumlet.io/marketing/bb1a83f8-4cfb-4d35-9525-01cd0cabc412.png, https://onemg.gumlet.io/marketing/a9b2dbf2-58e7-437b-89af-aa42ed05dd3f.png, https://onemg.gumlet.io/marketing/575dffa6-10f5-4cf2-8ee4-5eebc2162faa.png, https://onemg.gumlet.io/marketing/dcb14f28-9549-43b2-8cd6-bb6b90ffde6a.png, https://onemg.gumlet.io/283bda00-1539-4fea-8842-37751dde3885_1752665656.jpg?w=502&h=628&format=auto, https://onemg.gumlet.io/vqpr5zx9ofpsyafjwwin.svg, https://onemg.gumlet.io/wwynoy59i3iakt8te5xl.svg, https://onemg.gumlet.io/cwrpdmlzckwzvv9e1gjv.svg, https://onemg.gumlet.io/tywtfwyzxb8ujnqmbuau.svg, https://onemg.gumlet.io/hqfglkzkfxaxaypniixn.svg, https://onemg.gumlet.io/ny7nk9wxxlcxpeh1jbgg.svg, https://onemg.gumlet.io/marketing/6284f3d0-a998-4e94-8cea-91f0961895fc.png, https://onemg.gumlet.io/marketing/45552652-1551-4004-984b-89af60d89e50.png, https://onemg.gumlet.io/marketing/81385fef-60c9-460b-9e3e-7ee30d0b91e6.png, https://onemg.gumlet.io/marketing/485586d3-dbe2-431c-be78-19de749e6716.png, https://onemg.gumlet.io/marketing/1ca7a79d-fac8-449f-b437-1b164183c74a.png, https://onemg.gumlet.io/marketing/82ecbac1-7229-49ed-986b-ec304b319467.png, https://onemg.gumlet.io/marketing/37d1e22f-58b5-4a12-b238-d2c78cd34cfe.png, https://onemg.gumlet.io/marketing/194521ba-479d-41bf-a60e-cb68a8cfa6e8.png"
Calcirol 60K IU Cholecalciferol Sachet | For Bone Health,₹,"Order Calcirol 60K IU Cholecalciferol Sachet | For Bone Health:sachet of 1.0 gm Granules online at best price in India. Know Calcirol 60K IU Cholecalciferol Sachet | For Bone Health price, specifications, benefits and other information only on 1mg.com",https://www.1mg.com/otc/calcirol-60k-iu-cholecalciferol-sachet-for-bone-health-otc111246,c:\Users\hp\.gemini\antigravity\scratch\1mg-scraper\images\Calcirol 60K IU Cholecalciferol Sachet _ For Bone,"https://onemg.gumlet.io/l_watermark_346,w_120,h_120/a_ignore,w_120,h_120,c_fit,q_auto,f_auto/90c75e6999a84b09aafbb3b72bf18306.jpg, https://onemg.gumlet.io/l_watermark_346,w_120,h_120/a_ignore,w_120,h_120,c_fit,q_auto,f_auto/0e8ce7b70faa44b281e6608d9b68036f.jpg, https://onemg.gumlet.io/l_watermark_346,w_120,h_120/a_ignore,w_120,h_120,c_fit,q_auto,f_auto/ccffaa9eb2514580b0fb2e2c31f47f09.jpg, https://onemg.gumlet.io/l_watermark_346,w_690,h_700/a_ignore,w_690,h_700,c_pad,q_auto,f_auto/90c75e6999a84b09aafbb3b72bf18306.jpg, https://onemg.gumlet.io/marketing/22ef80a2-786c-4811-bcd3-2717f0b12140.png, https://onemg.gumlet.io/jj74lyp3teqhlxoo1qkz.svg, https://onemg.gumlet.io/7f9f62d7-6d84-4c08-937e-3f5318ee3c11_1750934120.png?w=532&h=122&format=auto, https://onemg.gumlet.io/vibatg4xwiuep6bhonzs.svg, https://onemg.gumlet.io/t2plj2wvywoglfwll4cm_y7momq.svg, https://onemg.gumlet.io/a_ignore,w_24,h_24,c_fit,q_auto,f_auto/wzmehfprlv7nok1vphbq.png, https://onemg.gumlet.io/a_ignore,w_24,h_24,c_fit,q_auto,f_auto/ik3qbop3ftjmwm5knywz.png, https://onemg.gumlet.io/a_ignore,w_24,h_24,c_fit,q_auto,f_auto/lxob0wod0ovabskj8zgz.png, https://onemg.gumlet.io/marketing/bb1a83f8-4cfb-4d35-9525-01cd0cabc412.png, https://onemg.gumlet.io/marketing/a9b2dbf2-58e7-437b-89af-aa42ed05dd3f.png, https://onemg.gumlet.io/marketing/575dffa6-10f5-4cf2-8ee4-5eebc2162faa.png, https://onemg.gumlet.io/marketing/dcb14f28-9549-43b2-8cd6-bb6b90ffde6a.png, https://onemg.gumlet.io/283bda00-1539-4fea-8842-37751dde3885_1752665656.jpg?w=502&h=628&format=auto, https://onemg.gumlet.io/vqpr5zx9ofpsyafjwwin.svg, https://onemg.gumlet.io/wwynoy59i3iakt8te5xl.svg, https://onemg.gumlet.io/cwrpdmlzckwzvv9e1gjv.svg, https://onemg.gumlet.io/tywtfwyzxb8ujnqmbuau.svg, https://onemg.gumlet.io/hqfglkzkfxaxaypniixn.svg, https://onemg.gumlet.io/ny7nk9wxxlcxpeh1jbgg.svg, https://onemg.gumlet.io/marketing/6284f3d0-a998-4e94-8cea-91f0961895fc.png, https://onemg.gumlet.io/marketing/45552652-1551-4004-984b-89af60d89e50.png, https://onemg.gumlet.io/marketing/81385fef-60c9-460b-9e3e-7ee30d0b91e6.png, https://onemg.gumlet.io/marketing/485586d3-dbe2-431c-be78-19de749e6716.png, https://onemg.gumlet.io/marketing/1ca7a79d-fac8-449f-b437-1b164183c74a.png, https://onemg.gumlet.io/marketing/82ecbac1-7229-49ed-986b-ec304b319467.png, https://onemg.gumlet.io/marketing/37d1e22f-58b5-4a12-b238-d2c78cd34cfe.png, https://onemg.gumlet.io/marketing/194521ba-479d-41bf-a60e-cb68a8cfa6e8.png"
Vitamin D3 Capsules | Supports Bone Strength & Calcium Absorption | by Tata 1mg,₹,"Order Vitamin D3 Capsules | Supports Bone Strength & Calcium Absorption | by Tata 1mg:bottle of 60.0 capsules online at best price in India. Know Vitamin D3 Capsules | Supports Bone Strength & Calcium Absorption | by Tata 1mg price, specifications, benefits and other information only on 1mg.com",https://www.1mg.com/otc/vitamin-d3-capsules-supports-bone-strength-calcium-absorption-by-tata-1mg-otc735438,c:\Users\hp\.gemini\antigravity\scratch\1mg-scraper\images\Vitamin D3 Capsules _ Supports Bone Strength & Cal,"https://onemg.gumlet.io/l_watermark_346,w_120,h_120/a_ignore,w_120,h_120,c_fit,q_auto,f_auto/f0572718ce1445ea85631c23a1dfee8a.jpg, https://onemg.gumlet.io/l_watermark_346,w_120,h_120/a_ignore,w_120,h_120,c_fit,q_auto,f_auto/bfp5zeberi9qvvhjosfx.jpg, https://onemg.gumlet.io/l_watermark_346,w_120,h_120/a_ignore,w_120,h_120,c_fit,q_auto,f_auto/jhbikeytwzuq1kemugau.jpg, https://onemg.gumlet.io/l_watermark_346,w_120,h_120/a_ignore,w_120,h_120,c_fit,q_auto,f_auto/gpngsid31cq2paaetdvi.jpg, https://onemg.gumlet.io/l_watermark_346,w_120,h_120/a_ignore,w_120,h_120,c_fit,q_auto,f_auto/c114som1baj3xfn27vae.jpg, https://onemg.gumlet.io/l_watermark_346,w_120,h_120/a_ignore,w_120,h_120,c_fit,q_auto,f_auto/ga0oevhfsjmq6ah15fex.jpg, https://onemg.gumlet.io/l_watermark_346,w_690,h_700/a_ignore,w_690,h_700,c_pad,q_auto,f_auto/f0572718ce1445ea85631c23a1dfee8a.jpg, https://onemg.gumlet.io/l_watermark_346,w_180,h_180/a_ignore,w_180,h_180,c_fit,q_auto,f_auto/65ac56aa001b46f0a37f1417277f8706.jpg, https://onemg.gumlet.io/jj74lyp3teqhlxoo1qkz.svg, https://onemg.gumlet.io/7f9f62d7-6d84-4c08-937e-3f5318ee3c11_1750934120.png?w=532&h=122&format=auto, https://onemg.gumlet.io/vibatg4xwiuep6bhonzs.svg, https://onemg.gumlet.io/t2plj2wvywoglfwll4cm_y7momq.svg, https://onemg.gumlet.io/a_ignore,w_24,h_24,c_fit,q_auto,f_auto/wzmehfprlv7nok1vphbq.png, https://onemg.gumlet.io/a_ignore,w_24,h_24,c_fit,q_auto,f_auto/ik3qbop3ftjmwm5knywz.png, https://onemg.gumlet.io/a_ignore,w_24,h_24,c_fit,q_auto,f_auto/lxob0wod0ovabskj8zgz.png, https://onemg.gumlet.io/marketing/bb1a83f8-4cfb-4d35-9525-01cd0cabc412.png, https://onemg.gumlet.io/marketing/a9b2dbf2-58e7-437b-89af-aa42ed05dd3f.png, https://onemg.gumlet.io/marketing/575dffa6-10f5-4cf2-8ee4-5eebc2162faa.png, https://onemg.gumlet.io/marketing/dcb14f28-9549-43b2-8cd6-bb6b90ffde6a.png, https://onemg.gumlet.io/283bda00-1539-4fea-8842-37751dde3885_1752665656.jpg?w=502&h=628&format=auto, https://onemg.gumlet.io/vqpr5zx9ofpsyafjwwin.svg, https://onemg.gumlet.io/wwynoy59i3iakt8te5xl.svg, https://onemg.gumlet.io/cwrpdmlzckwzvv9e1gjv.svg, https://onemg.gumlet.io/tywtfwyzxb8ujnqmbuau.svg, https://onemg.gumlet.io/hqfglkzkfxaxaypniixn.svg, https://onemg.gumlet.io/ny7nk9wxxlcxpeh1jbgg.svg, https://onemg.gumlet.io/marketing/6284f3d0-a998-4e94-8cea-91f0961895fc.png, https://onemg.gumlet.io/marketing/45552652-1551-4004-984b-89af60d89e50.png, https://onemg.gumlet.io/marketing/81385fef-60c9-460b-9e3e-7ee30d0b91e6.png, https://onemg.gumlet.io/marketing/485586d3-dbe2-431c-be78-19de749e6716.png, https://onemg.gumlet.io/marketing/1ca7a79d-fac8-449f-b437-1b164183c74a.png, https://onemg.gumlet.io/marketing/82ecbac1-7229-49ed-986b-ec304b319467.png, https://onemg.gumlet.io/marketing/37d1e22f-58b5-4a12-b238-d2c78cd34cfe.png, https://onemg.gumlet.io/marketing/194521ba-479d-41bf-a60e-cb68a8cfa6e8.png"
Super D3 60000IU Capsule,₹,"Order Super D3 60000IU Capsule:strip of 4.0 soft gelatin capsules online at best price in India. Know Super D3 60000IU Capsule price, specifications, benefits and other information only on 1mg.com",https://www.1mg.com/otc/super-d3-60000iu-capsule-otc728883,c:\Users\hp\.gemini\antigravity\scratch\1mg-scraper\images\Super D3 60000IU Capsule,"https://onemg.gumlet.io/l_watermark_346,w_120,h_120/a_ignore,w_120,h_120,c_fit,q_auto,f_auto/63fdc8348d6140958ded0e43850bc6a4.jpg, https://onemg.gumlet.io/l_watermark_346,w_120,h_120/a_ignore,w_120,h_120,c_fit,q_auto,f_auto/35f3d16b2fa94e418c997807d3e96190.jpg, https://onemg.gumlet.io/l_watermark_346,w_120,h_120/a_ignore,w_120,h_120,c_fit,q_auto,f_auto/b67b20b36ef1414d97c48f459f3de9fc.jpg, https://onemg.gumlet.io/l_watermark_346,w_120,h_120/a_ignore,w_120,h_120,c_fit,q_auto,f_auto/10de8439a2334ca4829082143d750ec1.jpg, https://onemg.gumlet.io/l_watermark_346,w_120,h_120/a_ignore,w_120,h_120,c_fit,q_auto,f_auto/7975d0a80391462cb86c0eb6db0df05d.jpg, https://onemg.gumlet.io/l_watermark_346,w_690,h_700/a_ignore,w_690,h_700,c_pad,q_auto,f_auto/63fdc8348d6140958ded0e43850bc6a4.jpg, https://onemg.gumlet.io/jj74lyp3teqhlxoo1qkz.svg, https://onemg.gumlet.io/7f9f62d7-6d84-4c08-937e-3f5318ee3c11_1750934120.png?w=532&h=122&format=auto, https://onemg.gumlet.io/vibatg4xwiuep6bhonzs.svg, https://onemg.gumlet.io/t2plj2wvywoglfwll4cm_y7momq.svg, https://onemg.gumlet.io/a_ignore,w_24,h_24,c_fit,q_auto,f_auto/wzmehfprlv7nok1vphbq.png, https://onemg.gumlet.io/a_ignore,w_24,h_24,c_fit,q_auto,f_auto/ik3qbop3ftjmwm5knywz.png, https://onemg.gumlet.io/a_ignore,w_24,h_24,c_fit,q_auto,f_auto/lxob0wod0ovabskj8zgz.png, https://onemg.gumlet.io/marketing/bb1a83f8-4cfb-4d35-9525-01cd0cabc412.png, https://onemg.gumlet.io/marketing/a9b2dbf2-58e7-437b-89af-aa42ed05dd3f.png, https://onemg.gumlet.io/marketing/575dffa6-10f5-4cf2-8ee4-5eebc2162faa.png, https://onemg.gumlet.io/marketing/dcb14f28-9549-43b2-8cd6-bb6b90ffde6a.png, https://onemg.gumlet.io/283bda00-1539-4fea-8842-37751dde3885_1752665656.jpg?w=502&h=628&format=auto, https://onemg.gumlet.io/vqpr5zx9ofpsyafjwwin.svg, https://onemg.gumlet.io/wwynoy59i3iakt8te5xl.svg, https://onemg.gumlet.io/cwrpdmlzckwzvv9e1gjv.svg, https://onemg.gumlet.io/tywtfwyzxb8ujnqmbuau.svg, https://onemg.gumlet.io/hqfglkzkfxaxaypniixn.svg, https://onemg.gumlet.io/ny7nk9wxxlcxpeh1jbgg.svg, https://onemg.gumlet.io/marketing/6284f3d0-a998-4e94-8cea-91f0961895fc.png, https://onemg.gumlet.io/marketing/45552652-1551-4004-984b-89af60d89e50.png, https://onemg.gumlet.io/marketing/81385fef-60c9-460b-9e3e-7ee30d0b91e6.png, https://onemg.gumlet.io/marketing/485586d3-dbe2-431c-be78-19de749e6716.png, https://onemg.gumlet.io/marketing/1ca7a79d-fac8-449f-b437-1b164183c74a.png, https://onemg.gumlet.io/marketing/82ecbac1-7229-49ed-986b-ec304b319467.png, https://onemg.gumlet.io/marketing/37d1e22f-58b5-4a12-b238-d2c78cd34cfe.png, https://onemg.gumlet.io/marketing/194521ba-479d-41bf-a60e-cb68a8cfa6e8.png"
Ultra 400IU Vitamin D3 (Cholecalciferol) | For Strength | Oral Drops Delicious Pineapple,₹35.6,"Order Ultra 400IU Vitamin D3 (Cholecalciferol) | For Strength | Oral Drops Delicious Pineapple:bottle of 15.0 ml Oral Drops online at best price in India. Know Ultra 400IU Vitamin D3 (Cholecalciferol) | For Strength | Oral Drops Delicious Pineapple price, specifications, benefits and other information only on 1mg.com",https://www.1mg.com/otc/ultra-400iu-vitamin-d3-cholecalciferol-for-strength-oral-drops-delicious-pineapple-otc546052,c:\Users\hp\.gemini\antigravity\scratch\1mg-scraper\images\Ultra 400IU Vitamin D3 (Cholecalciferol) _ For Str,"https://onemg.gumlet.io/l_watermark_346,w_120,h_120/a_ignore,w_120,h_120,c_fit,q_auto,f_auto/b4dcf023d6cf4f0b850a84099c50d23e.jpg, https://onemg.gumlet.io/l_watermark_346,w_120,h_120/a_ignore,w_120,h_120,c_fit,q_auto,f_auto/000c4bc6fd404ed39767248791229021.jpg, https://onemg.gumlet.io/l_watermark_346,w_120,h_120/a_ignore,w_120,h_120,c_fit,q_auto,f_auto/f2b874b866f642a3b00842a29c07eaf6.jpg, https://onemg.gumlet.io/l_watermark_346,w_690,h_700/a_ignore,w_690,h_700,c_pad,q_auto,f_auto/b4dcf023d6cf4f0b850a84099c50d23e.jpg, https://onemg.gumlet.io/jj74lyp3teqhlxoo1qkz.svg, https://onemg.gumlet.io/7f9f62d7-6d84-4c08-937e-3f5318ee3c11_1750934120.png?w=532&h=122&format=auto, https://onemg.gumlet.io/vibatg4xwiuep6bhonzs.svg, https://onemg.gumlet.io/t2plj2wvywoglfwll4cm_y7momq.svg, https://onemg.gumlet.io/a_ignore,w_24,h_24,c_fit,q_auto,f_auto/wzmehfprlv7nok1vphbq.png, https://onemg.gumlet.io/a_ignore,w_24,h_24,c_fit,q_auto,f_auto/ik3qbop3ftjmwm5knywz.png, https://onemg.gumlet.io/a_ignore,w_24,h_24,c_fit,q_auto,f_auto/lxob0wod0ovabskj8zgz.png, https://onemg.gumlet.io/marketing/bb1a83f8-4cfb-4d35-9525-01cd0cabc412.png, https://onemg.gumlet.io/marketing/a9b2dbf2-58e7-437b-89af-aa42ed05dd3f.png, https://onemg.gumlet.io/marketing/575dffa6-10f5-4cf2-8ee4-5eebc2162faa.png, https://onemg.gumlet.io/marketing/dcb14f28-9549-43b2-8cd6-bb6b90ffde6a.png, https://onemg.gumlet.io/283bda00-1539-4fea-8842-37751dde3885_1752665656.jpg?w=502&h=628&format=auto, https://onemg.gumlet.io/vqpr5zx9ofpsyafjwwin.svg, https://onemg.gumlet.io/wwynoy59i3iakt8te5xl.svg, https://onemg.gumlet.io/cwrpdmlzckwzvv9e1gjv.svg, https://onemg.gumlet.io/tywtfwyzxb8ujnqmbuau.svg, https://onemg.gumlet.io/hqfglkzkfxaxaypniixn.svg, https://onemg.gumlet.io/ny7nk9wxxlcxpeh1jbgg.svg, https://onemg.gumlet.io/marketing/6284f3d0-a998-4e94-8cea-91f0961895fc.png, https://onemg.gumlet.io/marketing/45552652-1551-4004-984b-89af60d89e50.png, https://onemg.gumlet.io/marketing/81385fef-60c9-460b-9e3e-7ee30d0b91e6.png, https://onemg.gumlet.io/marketing/485586d3-dbe2-431c-be78-19de749e6716.png, https://onemg.gumlet.io/marketing/1ca7a79d-fac8-449f-b437-1b164183c74a.png, https://onemg.gumlet.io/marketing/82ecbac1-7229-49ed-986b-ec304b319467.png, https://onemg.gumlet.io/marketing/37d1e22f-58b5-4a12-b238-d2c78cd34cfe.png, https://onemg.gumlet.io/marketing/194521ba-479d-41bf-a60e-cb68a8cfa6e8.png"
"D-Rise 2000 Capsule with Vitamin D3 (Cholecalciferol) for Bone Health | Bone, Joint & Muscle Care",₹,"Order D-Rise 2000 Capsule with Vitamin D3 (Cholecalciferol) for Bone Health | Bone, Joint & Muscle Care:strip of 10.0 soft gelatin capsules online at best price in India. Know D-Rise 2000 Capsule with Vitamin D3 (Cholecalciferol) for Bone Health | Bone, Joint & Muscle Care price, specifications, benefits and other information only on 1mg.com",https://www.1mg.com/otc/d-rise-2000-capsule-with-vitamin-d3-cholecalciferol-for-bone-health-bone-joint-muscle-care-otc170236,c:\Users\hp\.gemini\antigravity\scratch\1mg-scraper\images\D-Rise 2000 Capsule with Vitamin D3 (Cholecalcifer,"https://onemg.gumlet.io/l_watermark_346,w_120,h_120/a_ignore,w_120,h_120,c_fit,q_auto,f_auto/fd9630d60ebf43bca4f9ddd14c800e62.jpg, https://onemg.gumlet.io/l_watermark_346,w_120,h_120/a_ignore,w_120,h_120,c_fit,q_auto,f_auto/2e2b5324c4e54bdcb97ed33d9441ebf2.jpg, https://onemg.gumlet.io/l_watermark_346,w_120,h_120/a_ignore,w_120,h_120,c_fit,q_auto,f_auto/9c4e298890ed475bb81ab989e1c7501e.jpg, https://onemg.gumlet.io/l_watermark_346,w_120,h_120/a_ignore,w_120,h_120,c_fit,q_auto,f_auto/5ca78bfaccbd42c8aefeb2566228054f.jpg, https://onemg.gumlet.io/l_watermark_346,w_120,h_120/a_ignore,w_120,h_120,c_fit,q_auto,f_auto/7af541d3b1e74caa891558e8dbe4c6ab.jpg, https://onemg.gumlet.io/l_watermark_346,w_120,h_120/a_ignore,w_120,h_120,c_fit,q_auto,f_auto/2ca0c30b7f4848d39c19a1a53a4fb299.jpg, https://onemg.gumlet.io/l_watermark_346,w_120,h_120/a_ignore,w_120,h_120,c_fit,q_auto,f_auto/8b9d78c3609f4c2593f9147c3844b0c7.jpg, https://onemg.gumlet.io/l_watermark_346,w_120,h_120/a_ignore,w_120,h_120,c_fit,q_auto,f_auto/8353a98d10404bb4847315a60d68cf97.jpg, https://onemg.gumlet.io/l_watermark_346,w_120,h_120/a_ignore,w_120,h_120,c_fit,q_auto,f_auto/19698f12b7e2450da2f516e3763ce923.jpg, https://onemg.gumlet.io/l_watermark_346,w_120,h_120/a_ignore,w_120,h_120,c_fit,q_auto,f_auto/c5a5802af7e340c9809e0f67129c1a61.jpg, https://onemg.gumlet.io/l_watermark_346,w_120,h_120/a_ignore,w_120,h_120,c_fit,q_auto,f_auto/18833979acce47e7a110de9c50752805.jpg, https://onemg.gumlet.io/l_watermark_346,w_120,h_120/a_ignore,w_120,h_120,c_fit,q_auto,f_auto/e8e0eb57ba1c447ea5bb81ce1189c388.jpg, https://onemg.gumlet.io/l_watermark_346,w_120,h_120/a_ignore,w_120,h_120,c_fit,q_auto,f_auto/6d66470c519d48f084925c3abe6beea4.jpg, https://onemg.gumlet.io/l_watermark_346,w_120,h_120/a_ignore,w_120,h_120,c_fit,q_auto,f_auto/d5f4f977e99344cd9a9abc8a230e8c02.jpg, https://onemg.gumlet.io/l_watermark_346,w_120,h_120/a_ignore,w_120,h_120,c_fit,q_auto,f_auto/8197b0c854614386a743aac0a23ebba7.jpg, https://onemg.gumlet.io/l_watermark_346,w_120,h_120/a_ignore,w_120,h_120,c_fit,q_auto,f_auto/13c6f9f0d0744700b5501f62555bdeb7.jpg, https://onemg.gumlet.io/l_watermark_346,w_690,h_700/a_ignore,w_690,h_700,c_pad,q_auto,f_auto/fd9630d60ebf43bca4f9ddd14c800e62.jpg, https://onemg.gumlet.io/jj74lyp3teqhlxoo1qkz.svg, https://onemg.gumlet.io/7f9f62d7-6d84-4c08-937e-3f5318ee3c11_1750934120.png?w=532&h=122&format=auto, https://onemg.gumlet.io/vibatg4xwiuep6bhonzs.svg, https://onemg.gumlet.io/t2plj2wvywoglfwll4cm_y7momq.svg, https://onemg.gumlet.io/a_ignore,w_24,h_24,c_fit,q_auto,f_auto/wzmehfprlv7nok1vphbq.png, https://onemg.gumlet.io/a_ignore,w_24,h_24,c_fit,q_auto,f_auto/ik3qbop3ftjmwm5knywz.png, https://onemg.gumlet.io/a_ignore,w_24,h_24,c_fit,q_auto,f_auto/lxob0wod0ovabskj8zgz.png, https://onemg.gumlet.io/marketing/bb1a83f8-4cfb-4d35-9525-01cd0cabc412.png, https://onemg.gumlet.io/marketing/a9b2dbf2-58e7-437b-89af-aa42ed05dd3f.png, https://onemg.gumlet.io/marketing/575dffa6-10f5-4cf2-8ee4-5eebc2162faa.png, https://onemg.gumlet.io/marketing/dcb14f28-9549-43b2-8cd6-bb6b90ffde6a.png, https://onemg.gumlet.io/283bda00-1539-4fea-8842-37751dde3885_1752665656.jpg?w=502&h=628&format=auto, https://onemg.gumlet.io/vqpr5zx9ofpsyafjwwin.svg, https://onemg.gumlet.io/wwynoy59i3iakt8te5xl.svg, https://onemg.gumlet.io/cwrpdmlzckwzvv9e1gjv.svg, https://onemg.gumlet.io/tywtfwyzxb8ujnqmbuau.svg, https://onemg.gumlet.io/hqfglkzkfxaxaypniixn.svg, https://onemg.gumlet.io/ny7nk9wxxlcxpeh1jbgg.svg, https://onemg.gumlet.io/marketing/6284f3d0-a998-4e94-8cea-91f0961895fc.png, https://onemg.gumlet.io/marketing/45552652-1551-4004-984b-89af60d89e50.png, https://onemg.gumlet.io/marketing/81385fef-60c9-460b-9e3e-7ee30d0b91e6.png, https://onemg.gumlet.io/marketing/485586d3-dbe2-431c-be78-19de749e6716.png, https://onemg.gumlet.io/marketing/1ca7a79d-fac8-449f-b437-1b164183c74a.png, https://onemg.gumlet.io/marketing/82ecbac1-7229-49ed-986b-ec304b319467.png, https://onemg.gumlet.io/marketing/37d1e22f-58b5-4a12-b238-d2c78cd34cfe.png, https://onemg.gumlet.io/marketing/194521ba-479d-41bf-a60e-cb68a8cfa6e8.png"
Tata 1mg Vitamin D3 + K2 Advanced Tablet,₹255,"Order Vitamin D (D3) + K2 (MK 7) Advanced Tablet | 600 IU Vitamin D3 + 55 mcg K2 for Stronger Bones | by Tata 1mg:bottle of 60.0 tablets online at best price in India. Know Vitamin D (D3) + K2 (MK 7) Advanced Tablet | 600 IU Vitamin D3 + 55 mcg K2 for Stronger Bones | by Tata 1mg price, specifications, benefits and other information only on 1mg.com",https://www.1mg.com/otc/vitamin-d-d3-k2-mk-7-advanced-tablet-600-iu-vitamin-d3-55-mcg-k2-for-stronger-bones-by-tata-1mg-otc1101877,c:\Users\hp\.gemini\antigravity\scratch\1mg-scraper\images\Tata 1mg Vitamin D3 + K2 Advanced Tablet,"https://onemg.gumlet.io/l_watermark_346,w_120,h_120/a_ignore,w_120,h_120,c_fit,q_auto,f_auto/4a65b39dcb9b41fa9190d1c89a20ae71.jpg, https://onemg.gumlet.io/l_watermark_346,w_120,h_120/a_ignore,w_120,h_120,c_fit,q_auto,f_auto/0b33315720d24db58216c5cad7c0f1e1.jpg, https://onemg.gumlet.io/l_watermark_346,w_120,h_120/a_ignore,w_120,h_120,c_fit,q_auto,f_auto/90279c2ce0fd45288c38aa3ca1d6a39a.jpg, https://onemg.gumlet.io/l_watermark_346,w_120,h_120/a_ignore,w_120,h_120,c_fit,q_auto,f_auto/f1dcdfcfebf94387b80be9f868454416.jpg, https://onemg.gumlet.io/l_watermark_346,w_120,h_120/a_ignore,w_120,h_120,c_fit,q_auto,f_auto/f23883735fc04258a56c75c18ae50fa3.jpg, https://onemg.gumlet.io/l_watermark_346,w_120,h_120/a_ignore,w_120,h_120,c_fit,q_auto,f_auto/984521aaa6f9481cba10afe9523970c4.jpg, https://onemg.gumlet.io/l_watermark_346,w_120,h_120/a_ignore,w_120,h_120,c_fit,q_auto,f_auto/1867685f4a994dc9836e276f76b5cbff.jpg, https://onemg.gumlet.io/l_watermark_346,w_690,h_700/a_ignore,w_690,h_700,c_pad,q_auto,f_auto/4a65b39dcb9b41fa9190d1c89a20ae71.jpg, https://onemg.gumlet.io/jj74lyp3teqhlxoo1qkz.svg, https://onemg.gumlet.io/de2d41db-820f-4bbf-a5d4-fffa9682cdcd_1759731527.jpg?w=532&h=122&format=auto, https://onemg.gumlet.io/vibatg4xwiuep6bhonzs.svg, https://onemg.gumlet.io/t2plj2wvywoglfwll4cm_y7momq.svg, https://onemg.gumlet.io/a_ignore,w_24,h_24,c_fit,q_auto,f_auto/wzmehfprlv7nok1vphbq.png, https://onemg.gumlet.io/a_ignore,w_24,h_24,c_fit,q_auto,f_auto/ik3qbop3ftjmwm5knywz.png, https://onemg.gumlet.io/a_ignore,w_24,h_24,c_fit,q_auto,f_auto/lxob0wod0ovabskj8zgz.png, https://onemg.gumlet.io/marketing/bb1a83f8-4cfb-4d35-9525-01cd0cabc412.png, https://onemg.gumlet.io/marketing/a9b2dbf2-58e7-437b-89af-aa42ed05dd3f.png, https://onemg.gumlet.io/marketing/575dffa6-10f5-4cf2-8ee4-5eebc2162faa.png, https://onemg.gumlet.io/marketing/dcb14f28-9549-43b2-8cd6-bb6b90ffde6a.png, https://onemg.gumlet.io/2e29adce-9547-4783-a48a-2524cfe22246_1759731549.jpg?w=502&h=628&format=auto, https://onemg.gumlet.io/vqpr5zx9ofpsyafjwwin.svg, https://onemg.gumlet.io/wwynoy59i3iakt8te5xl.svg, https://onemg.gumlet.io/cwrpdmlzckwzvv9e1gjv.svg, https://onemg.gumlet.io/tywtfwyzxb8ujnqmbuau.svg, https://onemg.gumlet.io/hqfglkzkfxaxaypniixn.svg, https://onemg.gumlet.io/ny7nk9wxxlcxpeh1jbgg.svg, https://onemg.gumlet.io/marketing/6284f3d0-a998-4e94-8cea-91f0961895fc.png, https://onemg.gumlet.io/marketing/45552652-1551-4004-984b-89af60d89e50.png, https://onemg.gumlet.io/marketing/81385fef-60c9-460b-9e3e-7ee30d0b91e6.png, https://onemg.gumlet.io/marketing/485586d3-dbe2-431c-be78-19de749e6716.png, https://onemg.gumlet.io/marketing/1ca7a79d-fac8-449f-b437-1b164183c74a.png, https://onemg.gumlet.io/marketing/82ecbac1-7229-49ed-986b-ec304b319467.png, https://onemg.gumlet.io/marketing/37d1e22f-58b5-4a12-b238-d2c78cd34cfe.png, https://onemg.gumlet.io/marketing/194521ba-479d-41bf-a60e-cb68a8cfa6e8.png"
The Old Natural Vitamin-D3 60000 IU | Nano Shots for Healthy Bones (5ml Each),₹240,"Order The Old Natural Vitamin-D3 60000 IU | Nano Shots for Healthy Bones (5ml Each):box of 4.0 bottles online at best price in India. Know The Old Natural Vitamin-D3 60000 IU | Nano Shots for Healthy Bones (5ml Each) price, specifications, benefits and other information only on 1mg.com",https://www.1mg.com/otc/the-old-natural-vitamin-d3-60000-iu-nano-shots-for-healthy-bones-5ml-each-otc743475,c:\Users\hp\.gemini\antigravity\scratch\1mg-scraper\images\The Old Natural Vitamin-D3 60000 IU _ Nano Shots f,"https://onemg.gumlet.io/l_watermark_346,w_120,h_120/a_ignore,w_120,h_120,c_fit,q_auto,f_auto/9cf99680e60d4155aba84f18f8b50c1c.jpg, https://onemg.gumlet.io/l_watermark_346,w_120,h_120/a_ignore,w_120,h_120,c_fit,q_auto,f_auto/4e8fff2373d9419d80a0cd22cd33b0de.jpg, https://onemg.gumlet.io/l_watermark_346,w_120,h_120/a_ignore,w_120,h_120,c_fit,q_auto,f_auto/88878f4410ec4dd6a1815ec3fb9229cd.jpg, https://onemg.gumlet.io/l_watermark_346,w_120,h_120/a_ignore,w_120,h_120,c_fit,q_auto,f_auto/9f3bd0d1857b4f35bdb40d4c145b5198.jpg, https://onemg.gumlet.io/l_watermark_346,w_120,h_120/a_ignore,w_120,h_120,c_fit,q_auto,f_auto/34e50126f9714185a44e2b4fb2074ff4.jpg, https://onemg.gumlet.io/l_watermark_346,w_120,h_120/a_ignore,w_120,h_120,c_fit,q_auto,f_auto/c2217a5e5ca2440c89887005412fbaed.jpg, https://onemg.gumlet.io/l_watermark_346,w_120,h_120/a_ignore,w_120,h_120,c_fit,q_auto,f_auto/9e40a4db8d7341fa98afbf2109ca9af6.jpg, https://onemg.gumlet.io/l_watermark_346,w_690,h_700/a_ignore,w_690,h_700,c_pad,q_auto,f_auto/9cf99680e60d4155aba84f18f8b50c1c.jpg, https://onemg.gumlet.io/v1613645053/marketing/phb2bz61etrdmuurfdoq.png, https://onemg.gumlet.io/jj74lyp3teqhlxoo1qkz.svg, https://onemg.gumlet.io/7f9f62d7-6d84-4c08-937e-3f5318ee3c11_1750934120.png?w=532&h=122&format=auto, https://onemg.gumlet.io/vibatg4xwiuep6bhonzs.svg, https://onemg.gumlet.io/t2plj2wvywoglfwll4cm_y7momq.svg, https://onemg.gumlet.io/a_ignore,w_24,h_24,c_fit,q_auto,f_auto/wzmehfprlv7nok1vphbq.png, https://onemg.gumlet.io/a_ignore,w_24,h_24,c_fit,q_auto,f_auto/ik3qbop3ftjmwm5knywz.png, https://onemg.gumlet.io/a_ignore,w_24,h_24,c_fit,q_auto,f_auto/lxob0wod0ovabskj8zgz.png, https://onemg.gumlet.io/marketing/bb1a83f8-4cfb-4d35-9525-01cd0cabc412.png, https://onemg.gumlet.io/marketing/a9b2dbf2-58e7-437b-89af-aa42ed05dd3f.png, https://onemg.gumlet.io/marketing/575dffa6-10f5-4cf2-8ee4-5eebc2162faa.png, https://onemg.gumlet.io/marketing/dcb14f28-9549-43b2-8cd6-bb6b90ffde6a.png, https://onemg.gumlet.io/283bda00-1539-4fea-8842-37751dde3885_1752665656.jpg?w=502&h=628&format=auto, https://onemg.gumlet.io/vqpr5zx9ofpsyafjwwin.svg, https://onemg.gumlet.io/wwynoy59i3iakt8te5xl.svg, https://onemg.gumlet.io/cwrpdmlzckwzvv9e1gjv.svg, https://onemg.gumlet.io/tywtfwyzxb8ujnqmbuau.svg, https://onemg.gumlet.io/hqfglkzkfxaxaypniixn.svg, https://onemg.gumlet.io/ny7nk9wxxlcxpeh1jbgg.svg, https://onemg.gumlet.io/marketing/6284f3d0-a998-4e94-8cea-91f0961895fc.png, https://onemg.gumlet.io/marketing/45552652-1551-4004-984b-89af60d89e50.png, https://onemg.gumlet.io/marketing/81385fef-60c9-460b-9e3e-7ee30d0b91e6.png, https://onemg.gumlet.io/marketing/485586d3-dbe2-431c-be78-19de749e6716.png, https://onemg.gumlet.io/marketing/1ca7a79d-fac8-449f-b437-1b164183c74a.png, https://onemg.gumlet.io/marketing/82ecbac1-7229-49ed-986b-ec304b319467.png, https://onemg.gumlet.io/marketing/37d1e22f-58b5-4a12-b238-d2c78cd34cfe.png, https://onemg.gumlet.io/marketing/194521ba-479d-41bf-a60e-cb68a8cfa6e8.png"
Bluvit-D3 Granules,₹,"Order Bluvit-D3 Granules:sachet of 1.0 gm Granules online at best price in India. Know Bluvit-D3 Granules price, specifications, benefits and other information only on 1mg.com",https://www.1mg.com/otc/bluvit-d3-granules-otc147064,c:\Users\hp\.gemini\antigravity\scratch\1mg-scraper\images\Bluvit-D3 Granules,"https://onemg.gumlet.io/l_watermark_346,w_120,h_120/a_ignore,w_120,h_120,c_fit,q_auto,f_auto/4f5cfd3247754826a7c88b8cb4d4efd8.jpg, https://onemg.gumlet.io/l_watermark_346,w_120,h_120/a_ignore,w_120,h_120,c_fit,q_auto,f_auto/2704111368da4893942afe02928fc893.jpg, https://onemg.gumlet.io/l_watermark_346,w_120,h_120/a_ignore,w_120,h_120,c_fit,q_auto,f_auto/90c01f8190734055b709c4d3f0cee5e0.jpg, https://onemg.gumlet.io/l_watermark_346,w_690,h_700/a_ignore,w_690,h_700,c_pad,q_auto,f_auto/4f5cfd3247754826a7c88b8cb4d4efd8.jpg, https://onemg.gumlet.io/marketing/22ef80a2-786c-4811-bcd3-2717f0b12140.png, https://onemg.gumlet.io/jj74lyp3teqhlxoo1qkz.svg, https://onemg.gumlet.io/7f9f62d7-6d84-4c08-937e-3f5318ee3c11_1750934120.png?w=532&h=122&format=auto, https://onemg.gumlet.io/vibatg4xwiuep6bhonzs.svg, https://onemg.gumlet.io/t2plj2wvywoglfwll4cm_y7momq.svg, https://onemg.gumlet.io/a_ignore,w_24,h_24,c_fit,q_auto,f_auto/wzmehfprlv7nok1vphbq.png, https://onemg.gumlet.io/a_ignore,w_24,h_24,c_fit,q_auto,f_auto/ik3qbop3ftjmwm5knywz.png, https://onemg.gumlet.io/a_ignore,w_24,h_24,c_fit,q_auto,f_auto/lxob0wod0ovabskj8zgz.png, https://onemg.gumlet.io/marketing/bb1a83f8-4cfb-4d35-9525-01cd0cabc412.png, https://onemg.gumlet.io/marketing/a9b2dbf2-58e7-437b-89af-aa42ed05dd3f.png, https://onemg.gumlet.io/marketing/575dffa6-10f5-4cf2-8ee4-5eebc2162faa.png, https://onemg.gumlet.io/marketing/dcb14f28-9549-43b2-8cd6-bb6b90ffde6a.png, https://onemg.gumlet.io/283bda00-1539-4fea-8842-37751dde3885_1752665656.jpg?w=502&h=628&format=auto, https://onemg.gumlet.io/vqpr5zx9ofpsyafjwwin.svg, https://onemg.gumlet.io/wwynoy59i3iakt8te5xl.svg, https://onemg.gumlet.io/cwrpdmlzckwzvv9e1gjv.svg, https://onemg.gumlet.io/tywtfwyzxb8ujnqmbuau.svg, https://onemg.gumlet.io/hqfglkzkfxaxaypniixn.svg, https://onemg.gumlet.io/ny7nk9wxxlcxpeh1jbgg.svg, https://onemg.gumlet.io/marketing/6284f3d0-a998-4e94-8cea-91f0961895fc.png, https://onemg.gumlet.io/marketing/45552652-1551-4004-984b-89af60d89e50.png, https://onemg.gumlet.io/marketing/81385fef-60c9-460b-9e3e-7ee30d0b91e6.png, https://onemg.gumlet.io/marketing/485586d3-dbe2-431c-be78-19de749e6716.png, https://onemg.gumlet.io/marketing/1ca7a79d-fac8-449f-b437-1b164183c74a.png, https://onemg.gumlet.io/marketing/82ecbac1-7229-49ed-986b-ec304b319467.png, https://onemg.gumlet.io/marketing/37d1e22f-58b5-4a12-b238-d2c78cd34cfe.png, https://onemg.gumlet.io/marketing/194521ba-479d-41bf-a60e-cb68a8cfa6e8.png"
"Cipcal D3 (Cholecalciferol) Granules for Bone, Joint and Muscle Health",₹22.8,"Order Cipcal D3 (Cholecalciferol) Granules for Bone, Joint and Muscle Health:sachet of 1.0 gm Granules online at best price in India. Know Cipcal D3 (Cholecalciferol) Granules for Bone, Joint and Muscle Health price, specifications, benefits and other information only on 1mg.com",https://www.1mg.com/otc/cipcal-d3-cholecalciferol-granules-for-bone-joint-and-muscle-health-otc180047,"c:\Users\hp\.gemini\antigravity\scratch\1mg-scraper\images\Cipcal D3 (Cholecalciferol) Granules for Bone, Joi","https://onemg.gumlet.io/l_watermark_346,w_120,h_120/a_ignore,w_120,h_120,c_fit,q_auto,f_auto/f71ea55f57ba4f1eaa2d3b5f3e590ef7.jpg, https://onemg.gumlet.io/l_watermark_346,w_120,h_120/a_ignore,w_120,h_120,c_fit,q_auto,f_auto/fc97d41a842445af9a6595958c6ef70a.jpg, https://onemg.gumlet.io/l_watermark_346,w_120,h_120/a_ignore,w_120,h_120,c_fit,q_auto,f_auto/206d5a8cbc43420dbd1025c63333cd89.jpg, https://onemg.gumlet.io/l_watermark_346,w_120,h_120/a_ignore,w_120,h_120,c_fit,q_auto,f_auto/1bb9261db15441ef8966691e54712a7d.jpg, https://onemg.gumlet.io/l_watermark_346,w_690,h_700/a_ignore,w_690,h_700,c_pad,q_auto,f_auto/f71ea55f57ba4f1eaa2d3b5f3e590ef7.jpg, https://onemg.gumlet.io/marketing/22ef80a2-786c-4811-bcd3-2717f0b12140.png, https://onemg.gumlet.io/l_watermark_346,w_180,h_180/a_ignore,w_180,h_180,c_fit,q_auto,f_auto/98b42c160bcf43119b2668bf6bad9186.jpg, https://onemg.gumlet.io/jj74lyp3teqhlxoo1qkz.svg, https://onemg.gumlet.io/7f9f62d7-6d84-4c08-937e-3f5318ee3c11_1750934120.png?w=532&h=122&format=auto, https://onemg.gumlet.io/vibatg4xwiuep6bhonzs.svg, https://onemg.gumlet.io/t2plj2wvywoglfwll4cm_y7momq.svg, https://onemg.gumlet.io/a_ignore,w_24,h_24,c_fit,q_auto,f_auto/wzmehfprlv7nok1vphbq.png, https://onemg.gumlet.io/a_ignore,w_24,h_24,c_fit,q_auto,f_auto/ik3qbop3ftjmwm5knywz.png, https://onemg.gumlet.io/a_ignore,w_24,h_24,c_fit,q_auto,f_auto/lxob0wod0ovabskj8zgz.png, https://onemg.gumlet.io/marketing/bb1a83f8-4cfb-4d35-9525-01cd0cabc412.png, https://onemg.gumlet.io/marketing/a9b2dbf2-58e7-437b-89af-aa42ed05dd3f.png, https://onemg.gumlet.io/marketing/575dffa6-10f5-4cf2-8ee4-5eebc2162faa.png, https://onemg.gumlet.io/marketing/dcb14f28-9549-43b2-8cd6-bb6b90ffde6a.png, https://onemg.gumlet.io/283bda00-1539-4fea-8842-37751dde3885_1752665656.jpg?w=502&h=628&format=auto, https://onemg.gumlet.io/vqpr5zx9ofpsyafjwwin.svg, https://onemg.gumlet.io/wwynoy59i3iakt8te5xl.svg, https://onemg.gumlet.io/cwrpdmlzckwzvv9e1gjv.svg, https://onemg.gumlet.io/tywtfwyzxb8ujnqmbuau.svg, https://onemg.gumlet.io/hqfglkzkfxaxaypniixn.svg, https://onemg.gumlet.io/ny7nk9wxxlcxpeh1jbgg.svg, https://onemg.gumlet.io/marketing/6284f3d0-a998-4e94-8cea-91f0961895fc.png, https://onemg.gumlet.io/marketing/45552652-1551-4004-984b-89af60d89e50.png, https://onemg.gumlet.io/marketing/81385fef-60c9-460b-9e3e-7ee30d0b91e6.png, https://onemg.gumlet.io/marketing/485586d3-dbe2-431c-be78-19de749e6716.png, https://onemg.gumlet.io/marketing/1ca7a79d-fac8-449f-b437-1b164183c74a.png, https://onemg.gumlet.io/marketing/82ecbac1-7229-49ed-986b-ec304b319467.png, https://onemg.gumlet.io/marketing/37d1e22f-58b5-4a12-b238-d2c78cd34cfe.png, https://onemg.gumlet.io/marketing/194521ba-479d-41bf-a60e-cb68a8cfa6e8.png"
D3 Must 60K Tablet Orange Sugar Free,₹17.75/Chewable Tablet,"D3 Must 60K Tablet Orange Sugar Free is used in the treatment of Osteoporosis, Vitamin D deficiency. Find D3 Must 60K Tablet Orange Sugar Free uses, composition, side-effects, price, substitutes, drug interactions, precautions, warnings, and expert advice. Buy D3 Must 60K Tablet Orange Sugar Free online at best price on 1mg.com",https://www.1mg.com/drugs/d3-must-60k-tablet-orange-sugar-free-966483,c:\Users\hp\.gemini\antigravity\scratch\1mg-scraper\images\D3 Must 60K Tablet Orange Sugar Free,"https://onemg.gumlet.io/q_auto,f_auto/iw8eipowl2ubpml6moi3.png, https://onemg.gumlet.io/rebioh5fw0sp4c990ux7.png, https://onemg.gumlet.io/marketing/7c6befe8-193b-4c5e-93c6-bd5d7ad3316f.png, https://onemg.gumlet.io/l_watermark_346,w_480,h_480/a_ignore,w_480,h_480,c_fit,q_auto,f_auto/15b7adcc8a204232aebcd08359112068.jpg, https://onemg.gumlet.io/l_watermark_346,w_480,h_480/a_ignore,w_480,h_480,c_fit,q_auto,f_auto/59c59e165e0d4c818d29c05750aae9c7.jpg, https://onemg.gumlet.io/l_watermark_346,w_480,h_480/a_ignore,w_480,h_480,c_fit,q_auto,f_auto/f8457a9786ae40c18c16179d1472de8f.jpg, https://onemg.gumlet.io/l_watermark_346,w_380,h_380/a_ignore,w_380,h_380,c_fit,q_auto,f_auto/bd16f46ade99458799cce17661a4f1da.jpg, https://onemg.gumlet.io/l_watermark_346,w_380,h_380/a_ignore,w_380,h_380,c_fit,q_auto,f_auto/90c75e6999a84b09aafbb3b72bf18306.jpg, https://onemg.gumlet.io/l_watermark_346,w_380,h_380/a_ignore,w_380,h_380,c_fit,q_auto,f_auto/fad072cdf7ff472099fce79c11a8d76d.jpg, https://onemg.gumlet.io/l_watermark_346,w_380,h_380/a_ignore,w_380,h_380,c_fit,q_auto,f_auto/cropped/j6ef5tpmxcjtjowzzz0u.jpg, https://onemg.gumlet.io/images/a_ignore,w_150,h_100,c_fit,q_auto,f_auto/iwtbyycolnw98gkaerpz/fish-oil.jpg, https://onemg.gumlet.io/a_ignore,w_24,h_24,c_fit,q_auto,f_auto/wzmehfprlv7nok1vphbq.png, https://onemg.gumlet.io/a_ignore,w_24,h_24,c_fit,q_auto,f_auto/ik3qbop3ftjmwm5knywz.png, https://onemg.gumlet.io/a_ignore,w_24,h_24,c_fit,q_auto,f_auto/lxob0wod0ovabskj8zgz.png, https://onemg.gumlet.io/external_link_2x_mnk4m2.png, https://onemg.gumlet.io/jj74lyp3teqhlxoo1qkz.svg, https://onemg.gumlet.io/vibatg4xwiuep6bhonzs.svg, https://onemg.gumlet.io/t2plj2wvywoglfwll4cm_y7momq.svg, https://onemg.gumlet.io/marketing%2F1835bb23-7a80-4515-8f65-922ce44077e2.svg%2Bxml, https://onemg.gumlet.io/marketing%2Fa5531b3a-cc11-4aa0-accd-0d71e6e0c186.png, https://onemg.gumlet.io/marketing%2F622e62c2-f85f-4cb5-8fb3-32eba3cb5e87.svg%2Bxml, https://onemg.gumlet.io/marketing%2F64a2934e-45de-4d53-9253-54ad112217d9.svg%2Bxml, https://onemg.gumlet.io/vqpr5zx9ofpsyafjwwin.svg, https://onemg.gumlet.io/wwynoy59i3iakt8te5xl.svg, https://onemg.gumlet.io/cwrpdmlzckwzvv9e1gjv.svg, https://onemg.gumlet.io/tywtfwyzxb8ujnqmbuau.svg, https://onemg.gumlet.io/hqfglkzkfxaxaypniixn.svg, https://onemg.gumlet.io/ny7nk9wxxlcxpeh1jbgg.svg, https://onemg.gumlet.io/marketing/6284f3d0-a998-4e94-8cea-91f0961895fc.png, https://onemg.gumlet.io/marketing/45552652-1551-4004-984b-89af60d89e50.png, https://onemg.gumlet.io/marketing/81385fef-60c9-460b-9e3e-7ee30d0b91e6.png, https://onemg.gumlet.io/marketing/485586d3-dbe2-431c-be78-19de749e6716.png, https://onemg.gumlet.io/marketing/1ca7a79d-fac8-449f-b437-1b164183c74a.png, https://onemg.gumlet.io/marketing/82ecbac1-7229-49ed-986b-ec304b319467.png, https://onemg.gumlet.io/marketing/37d1e22f-58b5-4a12-b238-d2c78cd34cfe.png, https://onemg.gumlet.io/marketing/194521ba-479d-41bf-a60e-cb68a8cfa6e8.png"
Tata 1mg Vitamin D3 + K2 Advanced Tablet,₹255,"Order Vitamin D (D3) + K2 (MK 7) Advanced Tablet | 600 IU Vitamin D3 + 55 mcg K2 for Stronger Bones | by Tata 1mg:bottle of 120.0 tablets online at best price in India. Know Vitamin D (D3) + K2 (MK 7) Advanced Tablet | 600 IU Vitamin D3 + 55 mcg K2 for Stronger Bones | by Tata 1mg price, specifications, benefits and other information only on 1mg.com",https://www.1mg.com/otc/vitamin-d-d3-k2-mk-7-advanced-tablet-600-iu-vitamin-d3-55-mcg-k2-for-stronger-bones-by-tata-1mg-otc1101879,c:\Users\hp\.gemini\antigravity\scratch\1mg-scraper\images\Tata 1mg Vitamin D3 + K2 Advanced Tablet,"https://onemg.gumlet.io/l_watermark_346,w_120,h_120/a_ignore,w_120,h_120,c_fit,q_auto,f_auto/abedf36d1e054e8287a9fb62796ca183.jpg, https://onemg.gumlet.io/l_watermark_346,w_120,h_120/a_ignore,w_120,h_120,c_fit,q_auto,f_auto/ab08a69afcc7404692f01f7d0133de7a.jpg, https://onemg.gumlet.io/l_watermark_346,w_120,h_120/a_ignore,w_120,h_120,c_fit,q_auto,f_auto/23102ab817b6430abc586c4bc6eb04d1.jpg, https://onemg.gumlet.io/l_watermark_346,w_120,h_120/a_ignore,w_120,h_120,c_fit,q_auto,f_auto/998a33e574c2490ab4511fab8852279d.jpg, https://onemg.gumlet.io/l_watermark_346,w_120,h_120/a_ignore,w_120,h_120,c_fit,q_auto,f_auto/7d3165d70a3641c9bf361c25a0c49c81.jpg, https://onemg.gumlet.io/l_watermark_346,w_120,h_120/a_ignore,w_120,h_120,c_fit,q_auto,f_auto/fd53a046cd954d33a61bbc7a74e68d53.jpg, https://onemg.gumlet.io/l_watermark_346,w_120,h_120/a_ignore,w_120,h_120,c_fit,q_auto,f_auto/f0db11c5d6da40bfbd90bfdde18ecd00.jpg, https://onemg.gumlet.io/l_watermark_346,w_690,h_700/a_ignore,w_690,h_700,c_pad,q_auto,f_auto/abedf36d1e054e8287a9fb62796ca183.jpg, https://onemg.gumlet.io/jj74lyp3teqhlxoo1qkz.svg, https://onemg.gumlet.io/de2d41db-820f-4bbf-a5d4-fffa9682cdcd_1759731527.jpg?w=532&h=122&format=auto, https://onemg.gumlet.io/vibatg4xwiuep6bhonzs.svg, https://onemg.gumlet.io/t2plj2wvywoglfwll4cm_y7momq.svg, https://onemg.gumlet.io/a_ignore,w_24,h_24,c_fit,q_auto,f_auto/wzmehfprlv7nok1vphbq.png, https://onemg.gumlet.io/a_ignore,w_24,h_24,c_fit,q_auto,f_auto/ik3qbop3ftjmwm5knywz.png, https://onemg.gumlet.io/a_ignore,w_24,h_24,c_fit,q_auto,f_auto/lxob0wod0ovabskj8zgz.png, https://onemg.gumlet.io/marketing/bb1a83f8-4cfb-4d35-9525-01cd0cabc412.png, https://onemg.gumlet.io/marketing/a9b2dbf2-58e7-437b-89af-aa42ed05dd3f.png, https://onemg.gumlet.io/marketing/575dffa6-10f5-4cf2-8ee4-5eebc2162faa.png, https://onemg.gumlet.io/marketing/dcb14f28-9549-43b2-8cd6-bb6b90ffde6a.png, https://onemg.gumlet.io/cb60c008-2c54-4052-a402-1aa9f548f439_1749462708.jpg?w=502&h=628&format=auto, https://onemg.gumlet.io/vqpr5zx9ofpsyafjwwin.svg, https://onemg.gumlet.io/wwynoy59i3iakt8te5xl.svg, https://onemg.gumlet.io/cwrpdmlzckwzvv9e1gjv.svg, https://onemg.gumlet.io/tywtfwyzxb8ujnqmbuau.svg, https://onemg.gumlet.io/hqfglkzkfxaxaypniixn.svg, https://onemg.gumlet.io/ny7nk9wxxlcxpeh1jbgg.svg, https://onemg.gumlet.io/marketing/6284f3d0-a998-4e94-8cea-91f0961895fc.png, https://onemg.gumlet.io/marketing/45552652-1551-4004-984b-89af60d89e50.png, https://onemg.gumlet.io/marketing/81385fef-60c9-460b-9e3e-7ee30d0b91e6.png, https://onemg.gumlet.io/marketing/485586d3-dbe2-431c-be78-19de749e6716.png, https://onemg.gumlet.io/marketing/1ca7a79d-fac8-449f-b437-1b164183c74a.png, https://onemg.gumlet.io/marketing/82ecbac1-7229-49ed-986b-ec304b319467.png, https://onemg.gumlet.io/marketing/37d1e22f-58b5-4a12-b238-d2c78cd34cfe.png, https://onemg.gumlet.io/marketing/194521ba-479d-41bf-a60e-cb68a8cfa6e8.png"
Patanjali Nutrela Vitamin D 2K for Bone Health | Flavour Vanilla Chewable Tablet,₹,"Order Patanjali Nutrela Vitamin D 2K for Bone Health | Flavour Vanilla Chewable Tablet:bottle of 60.0 Chewable Tablets online at best price in India. Know Patanjali Nutrela Vitamin D 2K for Bone Health | Flavour Vanilla Chewable Tablet price, specifications, benefits and other information only on 1mg.com",https://www.1mg.com/otc/patanjali-nutrela-vitamin-d-2k-for-bone-health-flavour-vanilla-chewable-tablet-otc668184,c:\Users\hp\.gemini\antigravity\scratch\1mg-scraper\images\Patanjali Nutrela Vitamin D 2K for Bone Health _ F,"https://onemg.gumlet.io/l_watermark_346,w_120,h_120/a_ignore,w_120,h_120,c_fit,q_auto,f_auto/fc2b16b4900543fd9c95aa6e68114b99.jpg, https://onemg.gumlet.io/l_watermark_346,w_120,h_120/a_ignore,w_120,h_120,c_fit,q_auto,f_auto/de3b15dbf7cd4237baa75a73ef986c3d.jpg, https://onemg.gumlet.io/l_watermark_346,w_120,h_120/a_ignore,w_120,h_120,c_fit,q_auto,f_auto/97d53c89c6394e969a2f742897ee9644.jpg, https://onemg.gumlet.io/l_watermark_346,w_120,h_120/a_ignore,w_120,h_120,c_fit,q_auto,f_auto/0170ebbf7fca4a029fb73bbf58be7c17.jpg, https://onemg.gumlet.io/l_watermark_346,w_120,h_120/a_ignore,w_120,h_120,c_fit,q_auto,f_auto/a4fff4708a034e639ab0ab3037db6fd3.jpg, https://onemg.gumlet.io/l_watermark_346,w_120,h_120/a_ignore,w_120,h_120,c_fit,q_auto,f_auto/6b21cf9693df465288015404bfeae5a1.jpg, https://onemg.gumlet.io/l_watermark_346,w_120,h_120/a_ignore,w_120,h_120,c_fit,q_auto,f_auto/a4e3d31d384a4d35884132545bdeeb22.jpg, https://onemg.gumlet.io/l_watermark_346,w_120,h_120/a_ignore,w_120,h_120,c_fit,q_auto,f_auto/68cf632b46b34761bf3ec69070ba4fb1.jpg, https://onemg.gumlet.io/l_watermark_346,w_120,h_120/a_ignore,w_120,h_120,c_fit,q_auto,f_auto/50714b98b7b445e7813e73ed3231fd2c.jpg, https://onemg.gumlet.io/l_watermark_346,w_120,h_120/a_ignore,w_120,h_120,c_fit,q_auto,f_auto/b5baad2466fb477ea23b88906b2dbe44.jpg, https://onemg.gumlet.io/l_watermark_346,w_120,h_120/a_ignore,w_120,h_120,c_fit,q_auto,f_auto/7bff262d22c74b4b89add75fdf9c9342.jpg, https://onemg.gumlet.io/l_watermark_346,w_690,h_700/a_ignore,w_690,h_700,c_pad,q_auto,f_auto/fc2b16b4900543fd9c95aa6e68114b99.jpg, https://onemg.gumlet.io/jj74lyp3teqhlxoo1qkz.svg, https://onemg.gumlet.io/7f9f62d7-6d84-4c08-937e-3f5318ee3c11_1750934120.png?w=532&h=122&format=auto, https://onemg.gumlet.io/vibatg4xwiuep6bhonzs.svg, https://onemg.gumlet.io/t2plj2wvywoglfwll4cm_y7momq.svg, https://onemg.gumlet.io/a_ignore,w_24,h_24,c_fit,q_auto,f_auto/wzmehfprlv7nok1vphbq.png, https://onemg.gumlet.io/a_ignore,w_24,h_24,c_fit,q_auto,f_auto/ik3qbop3ftjmwm5knywz.png, https://onemg.gumlet.io/a_ignore,w_24,h_24,c_fit,q_auto,f_auto/lxob0wod0ovabskj8zgz.png, https://onemg.gumlet.io/marketing/bb1a83f8-4cfb-4d35-9525-01cd0cabc412.png, https://onemg.gumlet.io/marketing/a9b2dbf2-58e7-437b-89af-aa42ed05dd3f.png, https://onemg.gumlet.io/marketing/575dffa6-10f5-4cf2-8ee4-5eebc2162faa.png, https://onemg.gumlet.io/marketing/dcb14f28-9549-43b2-8cd6-bb6b90ffde6a.png, https://onemg.gumlet.io/283bda00-1539-4fea-8842-37751dde3885_1752665656.jpg?w=502&h=628&format=auto, https://onemg.gumlet.io/vqpr5zx9ofpsyafjwwin.svg, https://onemg.gumlet.io/wwynoy59i3iakt8te5xl.svg, https://onemg.gumlet.io/cwrpdmlzckwzvv9e1gjv.svg, https://onemg.gumlet.io/tywtfwyzxb8ujnqmbuau.svg, https://onemg.gumlet.io/hqfglkzkfxaxaypniixn.svg, https://onemg.gumlet.io/ny7nk9wxxlcxpeh1jbgg.svg, https://onemg.gumlet.io/marketing/6284f3d0-a998-4e94-8cea-91f0961895fc.png, https://onemg.gumlet.io/marketing/45552652-1551-4004-984b-89af60d89e50.png, https://onemg.gumlet.io/marketing/81385fef-60c9-460b-9e3e-7ee30d0b91e6.png, https://onemg.gumlet.io/marketing/485586d3-dbe2-431c-be78-19de749e6716.png, https://onemg.gumlet.io/marketing/1ca7a79d-fac8-449f-b437-1b164183c74a.png, https://onemg.gumlet.io/marketing/82ecbac1-7229-49ed-986b-ec304b319467.png, https://onemg.gumlet.io/marketing/37d1e22f-58b5-4a12-b238-d2c78cd34cfe.png, https://onemg.gumlet.io/marketing/194521ba-479d-41bf-a60e-cb68a8cfa6e8.png"
"Vitamin D3 60K  | Cholecalciferol Supplement for Bone Health, Immunity & Muscle Strength | by Tata 1mg 8 Soft Gelatin Capsule",₹189,"Vitamin D3 60K  | Cholecalciferol Supplement for Bone Health, Immunity & Muscle Strength | by Tata 1mg 8 Soft Gelatin Capsule is used in the treatment of Osteoporosis, Vitamin D deficiency. Find Vitamin D3 60K  | Cholecalciferol Supplement for Bone Health, Immunity & Muscle Strength | by Tata 1mg 8 Soft Gelatin Capsule uses, composition, side-effects, price, substitutes, drug interactions, precautions, warnings, and expert advice. Buy Vitamin D3 60K  | Cholecalciferol Supplement for Bone Health, Immunity & Muscle Strength | by Tata 1mg 8 Soft Gelatin Capsule online at best price on 1mg.com",https://www.1mg.com/drugs/vitamin-d3-60k-cholecalciferol-supplement-for-bone-health-immunity-muscle-strength-by-tata-1mg-8-soft-gelatin-capsule-992762,c:\Users\hp\.gemini\antigravity\scratch\1mg-scraper\images\Vitamin D3 60K  _ Cholecalciferol Supplement for B,"https://onemg.gumlet.io/q_auto,f_auto/iw8eipowl2ubpml6moi3.png, https://onemg.gumlet.io/rebioh5fw0sp4c990ux7.png, https://onemg.gumlet.io/l_watermark_346,w_480,h_480/a_ignore,w_480,h_480,c_fit,q_auto,f_auto/0ee65599098d4c229b46397dae778930.jpg, https://onemg.gumlet.io/l_watermark_346,w_480,h_480/a_ignore,w_480,h_480,c_fit,q_auto,f_auto/9469f7ecee4e4bc0be6d060c85bf9d09.jpg, https://onemg.gumlet.io/l_watermark_346,w_480,h_480/a_ignore,w_480,h_480,c_fit,q_auto,f_auto/6aa0b5401b0d4ab6a3332ca18c49dfb3.jpg, https://onemg.gumlet.io/l_watermark_346,w_380,h_380/a_ignore,w_380,h_380,c_fit,q_auto,f_auto/fc06a968d0304e77a2c58a7f28aeab34.jpg, https://onemg.gumlet.io/l_watermark_346,w_380,h_380/a_ignore,w_380,h_380,c_fit,q_auto,f_auto/f14401f915874288aedbbbff93fbaeba.jpg, https://onemg.gumlet.io/l_watermark_346,w_380,h_380/a_ignore,w_380,h_380,c_fit,q_auto,f_auto/pharmacy-production-rxs%2F1776165021_crop_152.png, https://onemg.gumlet.io/l_watermark_346,w_380,h_380/a_ignore,w_380,h_380,c_fit,q_auto,f_auto/aebb672837ff4105bc21b19253db41d3.jpg, https://onemg.gumlet.io/images/a_ignore,w_150,h_100,c_fit,q_auto,f_auto/iwtbyycolnw98gkaerpz/fish-oil.jpg, https://onemg.gumlet.io/a_ignore,w_24,h_24,c_fit,q_auto,f_auto/wzmehfprlv7nok1vphbq.png, https://onemg.gumlet.io/a_ignore,w_24,h_24,c_fit,q_auto,f_auto/ik3qbop3ftjmwm5knywz.png, https://onemg.gumlet.io/a_ignore,w_24,h_24,c_fit,q_auto,f_auto/lxob0wod0ovabskj8zgz.png, https://onemg.gumlet.io/external_link_2x_mnk4m2.png, https://onemg.gumlet.io/jj74lyp3teqhlxoo1qkz.svg, https://onemg.gumlet.io/vibatg4xwiuep6bhonzs.svg, https://onemg.gumlet.io/t2plj2wvywoglfwll4cm_y7momq.svg, https://onemg.gumlet.io/marketing%2F1835bb23-7a80-4515-8f65-922ce44077e2.svg%2Bxml, https://onemg.gumlet.io/marketing%2Fa5531b3a-cc11-4aa0-accd-0d71e6e0c186.png, https://onemg.gumlet.io/marketing%2F622e62c2-f85f-4cb5-8fb3-32eba3cb5e87.svg%2Bxml, https://onemg.gumlet.io/marketing%2F64a2934e-45de-4d53-9253-54ad112217d9.svg%2Bxml, https://onemg.gumlet.io/vqpr5zx9ofpsyafjwwin.svg, https://onemg.gumlet.io/wwynoy59i3iakt8te5xl.svg, https://onemg.gumlet.io/cwrpdmlzckwzvv9e1gjv.svg, https://onemg.gumlet.io/tywtfwyzxb8ujnqmbuau.svg, https://onemg.gumlet.io/hqfglkzkfxaxaypniixn.svg, https://onemg.gumlet.io/ny7nk9wxxlcxpeh1jbgg.svg, https://onemg.gumlet.io/marketing/6284f3d0-a998-4e94-8cea-91f0961895fc.png, https://onemg.gumlet.io/marketing/45552652-1551-4004-984b-89af60d89e50.png, https://onemg.gumlet.io/marketing/81385fef-60c9-460b-9e3e-7ee30d0b91e6.png, https://onemg.gumlet.io/marketing/485586d3-dbe2-431c-be78-19de749e6716.png, https://onemg.gumlet.io/marketing/1ca7a79d-fac8-449f-b437-1b164183c74a.png, https://onemg.gumlet.io/marketing/82ecbac1-7229-49ed-986b-ec304b319467.png, https://onemg.gumlet.io/marketing/37d1e22f-58b5-4a12-b238-d2c78cd34cfe.png, https://onemg.gumlet.io/marketing/194521ba-479d-41bf-a60e-cb68a8cfa6e8.png"
Cipcal D3 Softgels for Bone Joint and Immune health,₹,"Order Cipcal D3 Softgels for Bone Joint and Immune health:strip of 4.0 soft gelatin capsules online at best price in India. Know Cipcal D3 Softgels for Bone Joint and Immune health price, specifications, benefits and other information only on 1mg.com",https://www.1mg.com/otc/cipcal-d3-softgels-for-bone-joint-and-immune-health-otc696219,c:\Users\hp\.gemini\antigravity\scratch\1mg-scraper\images\Cipcal D3 Softgels for Bone Joint and Immune healt,"https://onemg.gumlet.io/l_watermark_346,w_120,h_120/a_ignore,w_120,h_120,c_fit,q_auto,f_auto/kyrys9oeaa2dvoultzl3.jpg, https://onemg.gumlet.io/l_watermark_346,w_120,h_120/a_ignore,w_120,h_120,c_fit,q_auto,f_auto/vropnz13weoy8xuz9muc.jpg, https://onemg.gumlet.io/l_watermark_346,w_120,h_120/a_ignore,w_120,h_120,c_fit,q_auto,f_auto/adbkxyuvaru3yunexkbl.jpg, https://onemg.gumlet.io/l_watermark_346,w_120,h_120/a_ignore,w_120,h_120,c_fit,q_auto,f_auto/raryjg8xpmbayatighq7.jpg, https://onemg.gumlet.io/l_watermark_346,w_690,h_700/a_ignore,w_690,h_700,c_pad,q_auto,f_auto/kyrys9oeaa2dvoultzl3.jpg, https://onemg.gumlet.io/l_watermark_346,w_180,h_180/a_ignore,w_180,h_180,c_fit,q_auto,f_auto/mnbhjbxocos2ap5xqzsf.png, https://onemg.gumlet.io/jj74lyp3teqhlxoo1qkz.svg, https://onemg.gumlet.io/7f9f62d7-6d84-4c08-937e-3f5318ee3c11_1750934120.png?w=532&h=122&format=auto, https://onemg.gumlet.io/vibatg4xwiuep6bhonzs.svg, https://onemg.gumlet.io/t2plj2wvywoglfwll4cm_y7momq.svg, https://onemg.gumlet.io/a_ignore,w_24,h_24,c_fit,q_auto,f_auto/wzmehfprlv7nok1vphbq.png, https://onemg.gumlet.io/a_ignore,w_24,h_24,c_fit,q_auto,f_auto/ik3qbop3ftjmwm5knywz.png, https://onemg.gumlet.io/a_ignore,w_24,h_24,c_fit,q_auto,f_auto/lxob0wod0ovabskj8zgz.png, https://onemg.gumlet.io/marketing/bb1a83f8-4cfb-4d35-9525-01cd0cabc412.png, https://onemg.gumlet.io/marketing/a9b2dbf2-58e7-437b-89af-aa42ed05dd3f.png, https://onemg.gumlet.io/marketing/575dffa6-10f5-4cf2-8ee4-5eebc2162faa.png, https://onemg.gumlet.io/marketing/dcb14f28-9549-43b2-8cd6-bb6b90ffde6a.png, https://onemg.gumlet.io/283bda00-1539-4fea-8842-37751dde3885_1752665656.jpg?w=502&h=628&format=auto, https://onemg.gumlet.io/vqpr5zx9ofpsyafjwwin.svg, https://onemg.gumlet.io/wwynoy59i3iakt8te5xl.svg, https://onemg.gumlet.io/cwrpdmlzckwzvv9e1gjv.svg, https://onemg.gumlet.io/tywtfwyzxb8ujnqmbuau.svg, https://onemg.gumlet.io/hqfglkzkfxaxaypniixn.svg, https://onemg.gumlet.io/ny7nk9wxxlcxpeh1jbgg.svg, https://onemg.gumlet.io/marketing/6284f3d0-a998-4e94-8cea-91f0961895fc.png, https://onemg.gumlet.io/marketing/45552652-1551-4004-984b-89af60d89e50.png, https://onemg.gumlet.io/marketing/81385fef-60c9-460b-9e3e-7ee30d0b91e6.png, https://onemg.gumlet.io/marketing/485586d3-dbe2-431c-be78-19de749e6716.png, https://onemg.gumlet.io/marketing/1ca7a79d-fac8-449f-b437-1b164183c74a.png, https://onemg.gumlet.io/marketing/82ecbac1-7229-49ed-986b-ec304b319467.png, https://onemg.gumlet.io/marketing/37d1e22f-58b5-4a12-b238-d2c78cd34cfe.png, https://onemg.gumlet.io/marketing/194521ba-479d-41bf-a60e-cb68a8cfa6e8.png"
Vitomin-D3 Drop 30ml for Bone and Teeth Health,₹,"Order Vitomin-D3 Drop 30ml for Bone and Teeth Health:packet of 30.0 ml Drop online at best price in India. Know Vitomin-D3 Drop 30ml for Bone and Teeth Health price, specifications, benefits and other information only on 1mg.com",https://www.1mg.com/otc/vitomin-d3-drop-30ml-for-bone-and-teeth-health-otc263790,c:\Users\hp\.gemini\antigravity\scratch\1mg-scraper\images\Vitomin-D3 Drop 30ml for Bone and Teeth Health,"https://onemg.gumlet.io/l_watermark_346,w_120,h_120/a_ignore,w_120,h_120,c_fit,q_auto,f_auto/fb7f4380bcc147229966b85194523926.jpg, https://onemg.gumlet.io/l_watermark_346,w_120,h_120/a_ignore,w_120,h_120,c_fit,q_auto,f_auto/ec5da5ad34c34b7485bdd0af0e269b48.jpg, https://onemg.gumlet.io/l_watermark_346,w_120,h_120/a_ignore,w_120,h_120,c_fit,q_auto,f_auto/eb573520b3f04720a5b308b153d37f08.jpg, https://onemg.gumlet.io/l_watermark_346,w_690,h_700/a_ignore,w_690,h_700,c_pad,q_auto,f_auto/fb7f4380bcc147229966b85194523926.jpg, https://onemg.gumlet.io/marketing/22ef80a2-786c-4811-bcd3-2717f0b12140.png, https://onemg.gumlet.io/l_watermark_346,w_180,h_180/a_ignore,w_180,h_180,c_fit,q_auto,f_auto/7072c1531e274871b80f1ac868e89baf.jpg, https://onemg.gumlet.io/jj74lyp3teqhlxoo1qkz.svg, https://onemg.gumlet.io/7f9f62d7-6d84-4c08-937e-3f5318ee3c11_1750934120.png?w=532&h=122&format=auto, https://onemg.gumlet.io/vibatg4xwiuep6bhonzs.svg, https://onemg.gumlet.io/t2plj2wvywoglfwll4cm_y7momq.svg, https://onemg.gumlet.io/a_ignore,w_24,h_24,c_fit,q_auto,f_auto/wzmehfprlv7nok1vphbq.png, https://onemg.gumlet.io/a_ignore,w_24,h_24,c_fit,q_auto,f_auto/ik3qbop3ftjmwm5knywz.png, https://onemg.gumlet.io/a_ignore,w_24,h_24,c_fit,q_auto,f_auto/lxob0wod0ovabskj8zgz.png, https://onemg.gumlet.io/marketing/bb1a83f8-4cfb-4d35-9525-01cd0cabc412.png, https://onemg.gumlet.io/marketing/a9b2dbf2-58e7-437b-89af-aa42ed05dd3f.png, https://onemg.gumlet.io/marketing/575dffa6-10f5-4cf2-8ee4-5eebc2162faa.png, https://onemg.gumlet.io/marketing/dcb14f28-9549-43b2-8cd6-bb6b90ffde6a.png, https://onemg.gumlet.io/283bda00-1539-4fea-8842-37751dde3885_1752665656.jpg?w=502&h=628&format=auto, https://onemg.gumlet.io/vqpr5zx9ofpsyafjwwin.svg, https://onemg.gumlet.io/wwynoy59i3iakt8te5xl.svg, https://onemg.gumlet.io/cwrpdmlzckwzvv9e1gjv.svg, https://onemg.gumlet.io/tywtfwyzxb8ujnqmbuau.svg, https://onemg.gumlet.io/hqfglkzkfxaxaypniixn.svg, https://onemg.gumlet.io/ny7nk9wxxlcxpeh1jbgg.svg, https://onemg.gumlet.io/marketing/6284f3d0-a998-4e94-8cea-91f0961895fc.png, https://onemg.gumlet.io/marketing/45552652-1551-4004-984b-89af60d89e50.png, https://onemg.gumlet.io/marketing/81385fef-60c9-460b-9e3e-7ee30d0b91e6.png, https://onemg.gumlet.io/marketing/485586d3-dbe2-431c-be78-19de749e6716.png, https://onemg.gumlet.io/marketing/1ca7a79d-fac8-449f-b437-1b164183c74a.png, https://onemg.gumlet.io/marketing/82ecbac1-7229-49ed-986b-ec304b319467.png, https://onemg.gumlet.io/marketing/37d1e22f-58b5-4a12-b238-d2c78cd34cfe.png, https://onemg.gumlet.io/marketing/194521ba-479d-41bf-a60e-cb68a8cfa6e8.png"
Inlife Vitamin D3 5000 IU Cholecalciferol Softgel Capsule with Coconut Oil | Men & Women,₹,"Order Inlife Vitamin D3 5000 IU Cholecalciferol Softgel Capsule with Coconut Oil | Men & Women:bottle of 60.0 soft gelatin capsules online at best price in India. Know Inlife Vitamin D3 5000 IU Cholecalciferol Softgel Capsule with Coconut Oil | Men & Women price, specifications, benefits and other information only on 1mg.com",https://www.1mg.com/otc/inlife-vitamin-d3-5000-iu-cholecalciferol-softgel-capsule-with-coconut-oil-men-women-otc371596,c:\Users\hp\.gemini\antigravity\scratch\1mg-scraper\images\Inlife Vitamin D3 5000 IU Cholecalciferol Softgel,"https://onemg.gumlet.io/l_watermark_346,w_120,h_120/a_ignore,w_120,h_120,c_fit,q_auto,f_auto/7d8fcf002baa4d99ae12ad11efd23265.jpg, https://onemg.gumlet.io/l_watermark_346,w_120,h_120/a_ignore,w_120,h_120,c_fit,q_auto,f_auto/6414085ac24241869d45175a73c96106.jpg, https://onemg.gumlet.io/l_watermark_346,w_120,h_120/a_ignore,w_120,h_120,c_fit,q_auto,f_auto/1563909f29de45d6bfffbc58791103b4.jpg, https://onemg.gumlet.io/l_watermark_346,w_120,h_120/a_ignore,w_120,h_120,c_fit,q_auto,f_auto/4d59bdc14eaa44fbb0148169d6403b85.jpg, https://onemg.gumlet.io/l_watermark_346,w_120,h_120/a_ignore,w_120,h_120,c_fit,q_auto,f_auto/b3eb504f0f514a3d9125cf92c86b7fc1.jpg, https://onemg.gumlet.io/l_watermark_346,w_120,h_120/a_ignore,w_120,h_120,c_fit,q_auto,f_auto/9f1318d2fc784c73946ae48bc22f56b3.jpg, https://onemg.gumlet.io/l_watermark_346,w_120,h_120/a_ignore,w_120,h_120,c_fit,q_auto,f_auto/b259d8c9bb6d4c5fb31ceba9e0605864.jpg, https://onemg.gumlet.io/l_watermark_346,w_690,h_700/a_ignore,w_690,h_700,c_pad,q_auto,f_auto/7d8fcf002baa4d99ae12ad11efd23265.jpg, https://onemg.gumlet.io/v1613645053/marketing/phb2bz61etrdmuurfdoq.png, https://onemg.gumlet.io/jj74lyp3teqhlxoo1qkz.svg, https://onemg.gumlet.io/7f9f62d7-6d84-4c08-937e-3f5318ee3c11_1750934120.png?w=532&h=122&format=auto, https://onemg.gumlet.io/vibatg4xwiuep6bhonzs.svg, https://onemg.gumlet.io/t2plj2wvywoglfwll4cm_y7momq.svg, https://onemg.gumlet.io/a_ignore,w_24,h_24,c_fit,q_auto,f_auto/wzmehfprlv7nok1vphbq.png, https://onemg.gumlet.io/a_ignore,w_24,h_24,c_fit,q_auto,f_auto/ik3qbop3ftjmwm5knywz.png, https://onemg.gumlet.io/a_ignore,w_24,h_24,c_fit,q_auto,f_auto/lxob0wod0ovabskj8zgz.png, https://onemg.gumlet.io/marketing/bb1a83f8-4cfb-4d35-9525-01cd0cabc412.png, https://onemg.gumlet.io/marketing/a9b2dbf2-58e7-437b-89af-aa42ed05dd3f.png, https://onemg.gumlet.io/marketing/575dffa6-10f5-4cf2-8ee4-5eebc2162faa.png, https://onemg.gumlet.io/marketing/dcb14f28-9549-43b2-8cd6-bb6b90ffde6a.png, https://onemg.gumlet.io/283bda00-1539-4fea-8842-37751dde3885_1752665656.jpg?w=502&h=628&format=auto, https://onemg.gumlet.io/vqpr5zx9ofpsyafjwwin.svg, https://onemg.gumlet.io/wwynoy59i3iakt8te5xl.svg, https://onemg.gumlet.io/cwrpdmlzckwzvv9e1gjv.svg, https://onemg.gumlet.io/tywtfwyzxb8ujnqmbuau.svg, https://onemg.gumlet.io/hqfglkzkfxaxaypniixn.svg, https://onemg.gumlet.io/ny7nk9wxxlcxpeh1jbgg.svg, https://onemg.gumlet.io/marketing/6284f3d0-a998-4e94-8cea-91f0961895fc.png, https://onemg.gumlet.io/marketing/45552652-1551-4004-984b-89af60d89e50.png, https://onemg.gumlet.io/marketing/81385fef-60c9-460b-9e3e-7ee30d0b91e6.png, https://onemg.gumlet.io/marketing/485586d3-dbe2-431c-be78-19de749e6716.png, https://onemg.gumlet.io/marketing/1ca7a79d-fac8-449f-b437-1b164183c74a.png, https://onemg.gumlet.io/marketing/82ecbac1-7229-49ed-986b-ec304b319467.png, https://onemg.gumlet.io/marketing/37d1e22f-58b5-4a12-b238-d2c78cd34cfe.png, https://onemg.gumlet.io/marketing/194521ba-479d-41bf-a60e-cb68a8cfa6e8.png"
"Arachitol Nano Bottle 60K IU Vitamin D3 Oral Solution (5ml each) | Bone, Joint and Muscle Care",₹,"Order Arachitol Nano Bottle 60K IU Vitamin D3 Oral Solution (5ml each) | Bone, Joint and Muscle Care:packet of 4.0 oral solutions online at best price in India. Know Arachitol Nano Bottle 60K IU Vitamin D3 Oral Solution (5ml each) | Bone, Joint and Muscle Care price, specifications, benefits and other information only on 1mg.com",https://www.1mg.com/otc/arachitol-nano-bottle-60k-iu-vitamin-d3-oral-solution-5ml-each-bone-joint-and-muscle-care-otc323191,c:\Users\hp\.gemini\antigravity\scratch\1mg-scraper\images\Arachitol Nano Bottle 60K IU Vitamin D3 Oral Solut,"https://onemg.gumlet.io/l_watermark_346,w_120,h_120/a_ignore,w_120,h_120,c_fit,q_auto,f_auto/a0ecb279e17c4693ab01a15ac9258939.jpg, https://onemg.gumlet.io/l_watermark_346,w_120,h_120/a_ignore,w_120,h_120,c_fit,q_auto,f_auto/cfe9a1e3021945fbb1826157a3c7cb45.jpg, https://onemg.gumlet.io/l_watermark_346,w_120,h_120/a_ignore,w_120,h_120,c_fit,q_auto,f_auto/a47ee62d8bc74c739c0ddb07ca24ee52.jpg, https://onemg.gumlet.io/l_watermark_346,w_120,h_120/a_ignore,w_120,h_120,c_fit,q_auto,f_auto/0a1b22f117064704887465e011b4af57.jpg, https://onemg.gumlet.io/l_watermark_346,w_120,h_120/a_ignore,w_120,h_120,c_fit,q_auto,f_auto/84f32635e8cd46768dfd57a5007f8507.jpg, https://onemg.gumlet.io/l_watermark_346,w_690,h_700/a_ignore,w_690,h_700,c_pad,q_auto,f_auto/a0ecb279e17c4693ab01a15ac9258939.jpg, https://onemg.gumlet.io/jj74lyp3teqhlxoo1qkz.svg, https://onemg.gumlet.io/7f9f62d7-6d84-4c08-937e-3f5318ee3c11_1750934120.png?w=532&h=122&format=auto, https://onemg.gumlet.io/vibatg4xwiuep6bhonzs.svg, https://onemg.gumlet.io/t2plj2wvywoglfwll4cm_y7momq.svg, https://onemg.gumlet.io/a_ignore,w_24,h_24,c_fit,q_auto,f_auto/wzmehfprlv7nok1vphbq.png, https://onemg.gumlet.io/a_ignore,w_24,h_24,c_fit,q_auto,f_auto/ik3qbop3ftjmwm5knywz.png, https://onemg.gumlet.io/a_ignore,w_24,h_24,c_fit,q_auto,f_auto/lxob0wod0ovabskj8zgz.png, https://onemg.gumlet.io/marketing/bb1a83f8-4cfb-4d35-9525-01cd0cabc412.png, https://onemg.gumlet.io/marketing/a9b2dbf2-58e7-437b-89af-aa42ed05dd3f.png, https://onemg.gumlet.io/marketing/575dffa6-10f5-4cf2-8ee4-5eebc2162faa.png, https://onemg.gumlet.io/marketing/dcb14f28-9549-43b2-8cd6-bb6b90ffde6a.png, https://onemg.gumlet.io/283bda00-1539-4fea-8842-37751dde3885_1752665656.jpg?w=502&h=628&format=auto, https://onemg.gumlet.io/vqpr5zx9ofpsyafjwwin.svg, https://onemg.gumlet.io/wwynoy59i3iakt8te5xl.svg, https://onemg.gumlet.io/cwrpdmlzckwzvv9e1gjv.svg, https://onemg.gumlet.io/tywtfwyzxb8ujnqmbuau.svg, https://onemg.gumlet.io/hqfglkzkfxaxaypniixn.svg, https://onemg.gumlet.io/ny7nk9wxxlcxpeh1jbgg.svg, https://onemg.gumlet.io/marketing/6284f3d0-a998-4e94-8cea-91f0961895fc.png, https://onemg.gumlet.io/marketing/45552652-1551-4004-984b-89af60d89e50.png, https://onemg.gumlet.io/marketing/81385fef-60c9-460b-9e3e-7ee30d0b91e6.png, https://onemg.gumlet.io/marketing/485586d3-dbe2-431c-be78-19de749e6716.png, https://onemg.gumlet.io/marketing/1ca7a79d-fac8-449f-b437-1b164183c74a.png, https://onemg.gumlet.io/marketing/82ecbac1-7229-49ed-986b-ec304b319467.png, https://onemg.gumlet.io/marketing/37d1e22f-58b5-4a12-b238-d2c78cd34cfe.png, https://onemg.gumlet.io/marketing/194521ba-479d-41bf-a60e-cb68a8cfa6e8.png"
